device,path,url,title,performance,accessibility,best_practices,seo,categories_under_70,lcp,fcp,tbt,cls,speed_index,indexable
desktop,/,https://azmortgage.vercel.app/,Arizona Mortgage Brothers | Phoenix Home Loan Broker,42,100,100,69,performance|seo,2.5 s,1.4 s,"5,070 ms",0,9.1 s,no
desktop,/arizona-mortgage-closing-costs/,https://azmortgage.vercel.app/arizona-mortgage-closing-costs/,Arizona Mortgage Closing Costs,45,96,100,69,performance|seo,2.4 s,1.1 s,"5,420 ms",0,9.7 s,no
desktop,/mortgage-101/,https://azmortgage.vercel.app/mortgage-101/,Mortgage 101: Your Guide to Home Financing,90,96,100,61,seo,1.9 s,1.1 s,0 ms,0,1.1 s,no
mobile,/mortgage-101/,https://azmortgage.vercel.app/mortgage-101/,Mortgage 101: Your Guide to Home Financing,100,96,100,61,seo,1.7 s,1.0 s,0 ms,0,1.0 s,no
desktop,/air-conditionings-impact-phoenix-valley-real-estate/,https://azmortgage.vercel.app/air-conditionings-impact-phoenix-valley-real-estate/,Air Conditioning’s Impact on Phoenix Valley Real Estate,74,96,100,69,seo,2.4 s,1.4 s,0 ms,0,8.4 s,no
desktop,/arizona-binsr-buyer-inspection-notice-and-seller-response/,https://azmortgage.vercel.app/arizona-binsr-buyer-inspection-notice-and-seller-response/,Arizona BINSR Buyer Inspection Notice &amp; Seller Response,73,96,100,69,seo,2.6 s,1.4 s,10 ms,0,4.9 s,no
desktop,/arizona-home-buying-process/,https://azmortgage.vercel.app/arizona-home-buying-process/,Arizona Home Buying Process,72,96,100,69,seo,2.4 s,1.6 s,0 ms,0,8.3 s,no
desktop,/arizona-mortgage-approval-process/,https://azmortgage.vercel.app/arizona-mortgage-approval-process/,Learn About the Home Mortgage Approval Process,86,96,100,69,seo,2.1 s,1.2 s,10 ms,0,1.3 s,no
desktop,/arizona-mortgage-basics/,https://azmortgage.vercel.app/arizona-mortgage-basics/,Arizona Mortgage Basics,87,96,100,69,seo,2.0 s,1.1 s,0 ms,0,1.4 s,no
desktop,/arizona-mortgage-closing-process/,https://azmortgage.vercel.app/arizona-mortgage-closing-process/,Arizona Mortgage Closing Process,89,96,100,69,seo,1.9 s,1.1 s,0 ms,0,1.1 s,no
desktop,/arizona-mortgage-insights/,https://azmortgage.vercel.app/arizona-mortgage-insights/,Arizona Mortgage Insights and Market Tips,87,100,100,69,seo,2.0 s,1.2 s,0 ms,0,1.2 s,no
desktop,/arizona-mortgage-payments/,https://azmortgage.vercel.app/arizona-mortgage-payments/,Arizona Mortgage Payments,78,96,100,69,seo,2.6 s,1.4 s,0 ms,0,2.0 s,no
desktop,/arizona-mortgage-rates-and-the-interest-deduction/,https://azmortgage.vercel.app/arizona-mortgage-rates-and-the-interest-deduction/,Arizona Mortgage Rates and the Interest Deduction,92,96,100,69,seo,1.7 s,1.0 s,0 ms,0,1.0 s,no
desktop,/arizona-real-estate-capital-gains-is-back/,https://azmortgage.vercel.app/arizona-real-estate-capital-gains-is-back/,Arizona Real Estate Capital Gains is back,92,96,100,69,seo,1.7 s,1.0 s,0 ms,0.001,1.0 s,no
desktop,/arizona-real-estate-trends-in-2026-predicting-mortgage-rates-for-the-coming-year/,https://azmortgage.vercel.app/arizona-real-estate-trends-in-2026-predicting-mortgage-rates-for-the-coming-year/,Arizona Real Estate Trends in 2026: Predicting Mortgage Rates for the Coming Year,92,96,100,69,seo,1.5 s,1.1 s,0 ms,0,1.1 s,no
desktop,/arizona-refinance-process/,https://azmortgage.vercel.app/arizona-refinance-process/,Arizona Refinance Process,92,96,100,69,seo,1.7 s,1.0 s,0 ms,0.001,1.0 s,no
desktop,/arizona-second-mortgages/,https://azmortgage.vercel.app/arizona-second-mortgages/,Arizona Second Mortgages,90,96,100,69,seo,1.9 s,1.1 s,0 ms,0,1.1 s,no
desktop,/arizona-understanding-your-credit/,https://azmortgage.vercel.app/arizona-understanding-your-credit/,Understanding Your Credit,92,96,100,69,seo,1.7 s,1.0 s,0 ms,0,1.0 s,no
desktop,/arizona-vacation-and-investment-home-mortgages/,https://azmortgage.vercel.app/arizona-vacation-and-investment-home-mortgages/,Arizona Vacation and Investment Home Mortgages,89,96,100,69,seo,1.9 s,1.1 s,0 ms,0,1.1 s,no
desktop,/assumable-mortgage/,https://azmortgage.vercel.app/assumable-mortgage/,What Is An Assumable Mortgage?,92,96,100,69,seo,1.7 s,1.0 s,0 ms,0,1.0 s,no
desktop,/better-getting-mortgage-couple-vs-single-applicant/,https://azmortgage.vercel.app/better-getting-mortgage-couple-vs-single-applicant/,Which Is Better: Getting a Mortgage As a Couple vs. As a Single Applicant?,89,96,100,69,seo,1.9 s,1.1 s,0 ms,0,1.1 s,no
desktop,/buying-a-house-with-a-cash-offer-and-simultaneously-getting-mortgage-financing/,https://azmortgage.vercel.app/buying-a-house-with-a-cash-offer-and-simultaneously-getting-mortgage-financing/,Buying a House with a Cash Offer and Simultaneously getting Mortgage Financing,87,96,100,69,seo,2.0 s,1.2 s,0 ms,0,1.2 s,no
desktop,/buying-down-your-arizona-interest-rate/,https://azmortgage.vercel.app/buying-down-your-arizona-interest-rate/,Buying Down Your Home Loan Interest Rate,93,96,100,69,seo,1.5 s,1.1 s,0 ms,0,1.1 s,no
desktop,/buying-or-selling-personal-property-with-your-home-sale-must-watch-this-first/,https://azmortgage.vercel.app/buying-or-selling-personal-property-with-your-home-sale-must-watch-this-first/,Buying or Selling personal property with your home sale? Must Watch this First!,89,96,100,69,seo,1.9 s,1.1 s,0 ms,0,1.1 s,no
desktop,/can-i-get-a-3rd-mortgage/,https://azmortgage.vercel.app/can-i-get-a-3rd-mortgage/,Can I Get a 3rd Mortgage?,83,96,100,69,seo,2.4 s,1.2 s,0 ms,0,1.2 s,no
desktop,/can-i-relocate-and-get-a-mortgage-while-working-remotely-out-of-state/,https://azmortgage.vercel.app/can-i-relocate-and-get-a-mortgage-while-working-remotely-out-of-state/,Can You Get a Mortgage While Working Remotely Out of State?,89,96,100,69,seo,1.9 s,1.1 s,0 ms,0,1.1 s,no
desktop,/can-i-simply-payoff-credit-cards-to-qualify-for-a-mortgage/,https://azmortgage.vercel.app/can-i-simply-payoff-credit-cards-to-qualify-for-a-mortgage/,Can I simply payoff credit cards to qualify for a mortgage?,92,96,100,69,seo,1.7 s,1.0 s,0 ms,0,1.0 s,no
desktop,/canceling-your-fha-mip-is-easier-than-you-think/,https://azmortgage.vercel.app/canceling-your-fha-mip-is-easier-than-you-think/,Canceling your FHA MIP is Easier than you think,89,96,100,69,seo,1.9 s,1.1 s,0 ms,0,1.1 s,no
desktop,/connecting-guest-house-main-house-add-value/,https://azmortgage.vercel.app/connecting-guest-house-main-house-add-value/,Does connecting a guest house to the main house add value?,89,96,100,69,seo,1.9 s,1.1 s,0 ms,0.001,1.1 s,no
desktop,/conventional-home-loans-vs-fha-loans-which-is-right-for-you/,https://azmortgage.vercel.app/conventional-home-loans-vs-fha-loans-which-is-right-for-you/,Conventional Loans vs. FHA Loans: Which Is Right for You?,87,96,100,69,seo,2.0 s,1.2 s,0 ms,0.001,1.2 s,no
desktop,/delayed-financing-how-to-get-cashout-without-waiting-6-months-seasoning/,https://azmortgage.vercel.app/delayed-financing-how-to-get-cashout-without-waiting-6-months-seasoning/,Delayed Financing – how to get cashout without waiting 6 months seasoning,87,96,100,69,seo,2.0 s,1.2 s,0 ms,0,1.2 s,no
desktop,/detached-guest-home-casita-appraisal-issues/,https://azmortgage.vercel.app/detached-guest-home-casita-appraisal-issues/,Detached Guest Home (Casita) Appraisal Issues,87,96,100,69,seo,2.0 s,1.2 s,0 ms,0,1.2 s,no
desktop,/difference-between-owner-occupied-second-home-and-investment-property/,https://azmortgage.vercel.app/difference-between-owner-occupied-second-home-and-investment-property/,"Difference Between Owner-Occupied, Second Home, and Investment Property?",92,96,100,69,seo,1.7 s,1.0 s,0 ms,0,1.0 s,no
desktop,/dscr-loan-the-best-alternative-to-hard-money/,https://azmortgage.vercel.app/dscr-loan-the-best-alternative-to-hard-money/,DSCR Loan: The Best Alternative to Hard Money Financing,88,96,100,69,seo,2.0 s,1.1 s,0 ms,0,1.1 s,no
desktop,/expect-youre-not-first-time-mortgage-shopper/,https://azmortgage.vercel.app/expect-youre-not-first-time-mortgage-shopper/,What to Expect When You’re Not a First Time Mortgage Shopper,90,96,100,69,seo,1.8 s,1.1 s,0 ms,0,1.1 s,no
desktop,/fha-flip-rule-waiver-expired-you-need-wait-90-days-to-write-a-contract/,https://azmortgage.vercel.app/fha-flip-rule-waiver-expired-you-need-wait-90-days-to-write-a-contract/,FHA Flip Rule Waiver Expired – You need to wait 90 days to write a contract,89,96,100,69,seo,1.9 s,1.1 s,0 ms,0.004,1.1 s,no
desktop,/fha-loans/,https://azmortgage.vercel.app/fha-loans/,FHA Loans: Discover Top Benefits and Insights,89,100,100,69,seo,1.9 s,1.1 s,0 ms,0.003,1.1 s,no
desktop,/get-part-income-commission-can-use-qualify-loan/,https://azmortgage.vercel.app/get-part-income-commission-can-use-qualify-loan/,Will Commissions Count Towards a Loan?,89,96,100,69,seo,2.0 s,1.0 s,0 ms,0,1.0 s,no
desktop,/getting-a-mortgage-with-employment-gaps/,https://azmortgage.vercel.app/getting-a-mortgage-with-employment-gaps/,Getting a Mortgage with Employment Gaps: Key Facts,87,96,100,69,seo,2.0 s,1.2 s,0 ms,0,1.2 s,no
desktop,/glossary/,https://azmortgage.vercel.app/glossary/,Master Mortgage Glossary: Understand Key Terms,89,96,100,69,seo,1.9 s,1.1 s,0 ms,0.001,1.1 s,no
desktop,/grossing-up-your-income-what-does-that-mean/,https://azmortgage.vercel.app/grossing-up-your-income-what-does-that-mean/,Grossing Up Your Income… what does that mean?,88,96,100,69,seo,2.0 s,1.1 s,0 ms,0,1.1 s,no
desktop,/homeownership-tips/,https://azmortgage.vercel.app/homeownership-tips/,Get Expert Homeownership Tips and Advice,89,100,100,69,seo,1.9 s,1.1 s,0 ms,0,1.1 s,no
desktop,/how-a-rapid-rescore-can-help-to-get-qualified-for-a-mortgage/,https://azmortgage.vercel.app/how-a-rapid-rescore-can-help-to-get-qualified-for-a-mortgage/,How a Rapid Rescore Can Help You Qualify for a Mortgage,91,96,100,69,seo,1.8 s,1.0 s,0 ms,0,1.0 s,no
desktop,/how-do-solar-panels-affect-the-mortgage-and-closing-process/,https://azmortgage.vercel.app/how-do-solar-panels-affect-the-mortgage-and-closing-process/,How do Solar Panels affect the mortgage and closing process?,87,96,100,69,seo,2.0 s,1.2 s,0 ms,0,1.2 s,no
desktop,/how-does-a-mortgage-apr-work-and-what-does-it-mean/,https://azmortgage.vercel.app/how-does-a-mortgage-apr-work-and-what-does-it-mean/,How Mortgage APR Works &amp; Why It Matters for Homebuyers,89,96,100,69,seo,1.9 s,1.1 s,0 ms,0,1.1 s,no
desktop,/how-does-my-car-loan-payment-affect-my-mortgage/,https://azmortgage.vercel.app/how-does-my-car-loan-payment-affect-my-mortgage/,How Does My Car Loan Payment Affect My Mortgage?,88,96,100,69,seo,2.0 s,1.1 s,0 ms,0,1.1 s,no
desktop,/how-fast-is-too-fast-to-close-a-mortgage-loan-to-purchase-a-house/,https://azmortgage.vercel.app/how-fast-is-too-fast-to-close-a-mortgage-loan-to-purchase-a-house/,How Fast is Too Fast to Close a Mortgage Loan to Purchase a House?,90,96,100,69,seo,1.8 s,1.1 s,0 ms,0,1.1 s,no
desktop,/how-high-will-a-lender-allow-your-deductible-to-be/,https://azmortgage.vercel.app/how-high-will-a-lender-allow-your-deductible-to-be/,How High Will A Lender Allow Your Deductible To Be?,90,96,100,69,seo,1.9 s,1.0 s,0 ms,0,1.0 s,no
desktop,/how-to-calculate-how-much-pmi-mortgage-insurance-will-be/,https://azmortgage.vercel.app/how-to-calculate-how-much-pmi-mortgage-insurance-will-be/,How to Accurately Calculate PMI Mortgage Insurance Costs,96,96,100,69,seo,1.1 s,1.0 s,0 ms,0,1.0 s,no
desktop,/how-to-count-commissions-and-bonuses-and-tips/,https://azmortgage.vercel.app/how-to-count-commissions-and-bonuses-and-tips/,How to Count Commissions and Bonuses and Tips,91,96,100,69,seo,1.8 s,1.0 s,0 ms,0,1.0 s,no
desktop,/how-to-get-a-mortgage-in-arizona-with-fair-or-improving-credit/,https://azmortgage.vercel.app/how-to-get-a-mortgage-in-arizona-with-fair-or-improving-credit/,How to Get a Mortgage in Arizona with Fair or Improving Credit,89,96,100,69,seo,1.9 s,1.1 s,0 ms,0,1.1 s,no
desktop,/how-to-sell-my-house-fast-in-arizona/,https://azmortgage.vercel.app/how-to-sell-my-house-fast-in-arizona/,The Complete Arizona Guide to Selling Your Home for Cash (2026) - Arizona Home Loans | The Mortgage Brothers,88,98,100,69,seo,2.0 s,1.1 s,0 ms,0.001,1.1 s,no
desktop,/how-to-skip-2-payments-on-your-mortgage/,https://azmortgage.vercel.app/how-to-skip-2-payments-on-your-mortgage/,How to Skip 2 Payments On Your Mortgage?,91,96,100,69,seo,1.8 s,1.0 s,0 ms,0,1.0 s,no
desktop,/if-i-have-1-mortgage-late-in-the-past-12-months-can-i-get-approved-for-a-mortgage/,https://azmortgage.vercel.app/if-i-have-1-mortgage-late-in-the-past-12-months-can-i-get-approved-for-a-mortgage/,"If I have 1 Mortgage Late in the Past 12 Months, Can I Get Approved for a Mortgage?",88,96,100,69,seo,2.0 s,1.1 s,0 ms,0,1.1 s,no
desktop,/is-homeownership-hereditary/,https://azmortgage.vercel.app/is-homeownership-hereditary/,Is Homeownership Hereditary?,89,96,100,69,seo,1.9 s,1.1 s,0 ms,0,1.1 s,no
desktop,/is-the-mortgage-interest-tax-deduction-really-a-big-deal/,https://azmortgage.vercel.app/is-the-mortgage-interest-tax-deduction-really-a-big-deal/,Is The Mortgage Interest Tax Deduction Really a Big Deal?,88,96,100,69,seo,2.0 s,1.1 s,0 ms,0,1.1 s,no
desktop,/lsu-forms-loan-status-updates-and-what-you-need-to-know/,https://azmortgage.vercel.app/lsu-forms-loan-status-updates-and-what-you-need-to-know/,LSU Forms – Loan Status Updates and what you need to know,89,96,100,69,seo,1.9 s,1.1 s,0 ms,0,1.1 s,no
desktop,/mortgage-basics/,https://azmortgage.vercel.app/mortgage-basics/,Learn Mortgage Basics for Home Financing,97,100,100,69,seo,1.0 s,1.0 s,0 ms,0,1.0 s,no
desktop,/mortgage-payments-strategies/,https://azmortgage.vercel.app/mortgage-payments-strategies/,Optimize Your Mortgage Payments Strategies,89,100,100,69,seo,1.9 s,1.1 s,0 ms,0,1.1 s,no
desktop,/mortgage-payoff-higher-than-mortgage-balance/,https://azmortgage.vercel.app/mortgage-payoff-higher-than-mortgage-balance/,Why Mortgage Payoff Is Higher Than Statement Balance,88,96,100,69,seo,2.0 s,1.1 s,0 ms,0,1.1 s,no
desktop,/mortgage-process-guidance/,https://azmortgage.vercel.app/mortgage-process-guidance/,Simplify and Master the Mortgage Process Today,88,100,100,69,seo,1.9 s,1.2 s,0 ms,0,1.2 s,no
desktop,/mortgage-qualifications/,https://azmortgage.vercel.app/mortgage-qualifications/,Understand Mortgage Qualifications Easily,89,100,100,69,seo,1.9 s,1.1 s,0 ms,0.002,1.1 s,no
desktop,/mortgage-rates-tool-arizona/,https://azmortgage.vercel.app/mortgage-rates-tool-arizona/,Find Your Best Rate with Mortgage Rates Tool Arizona,88,96,100,69,seo,2.0 s,1.1 s,0 ms,0,1.1 s,no
desktop,/navigating-mortgage-options-during-divorce-a-complete-guide/,https://azmortgage.vercel.app/navigating-mortgage-options-during-divorce-a-complete-guide/,Navigating Mortgage Options During Divorce: A Complete Guide,90,100,100,69,seo,1.8 s,1.1 s,0 ms,0.001,1.1 s,no
desktop,/pillar-post/,https://azmortgage.vercel.app/pillar-post/,Pillar Post - Arizona Home Loans | The Mortgage Brothers,90,100,100,69,seo,1.8 s,1.1 s,0 ms,0.003,1.1 s,no
desktop,/prepayment-penalties-on-your-arizona-mortgage/,https://azmortgage.vercel.app/prepayment-penalties-on-your-arizona-mortgage/,Prepayment Penalties on Your Arizona Mortgage,89,96,100,69,seo,1.9 s,1.1 s,0 ms,0,1.1 s,no
desktop,/put-bow-fha-loan-gift-guide/,https://azmortgage.vercel.app/put-bow-fha-loan-gift-guide/,Put A Bow On It: FHA Loan Gift Guide,90,96,100,69,seo,1.9 s,1.1 s,0 ms,0,1.1 s,no
desktop,/real-estate-mortgages/,https://azmortgage.vercel.app/real-estate-mortgages/,Explore Real Estate Mortgages and Insights,89,100,100,69,seo,1.9 s,1.1 s,0 ms,0.002,1.1 s,no
desktop,/seller-concessions-to-buyers-how-much/,https://azmortgage.vercel.app/seller-concessions-to-buyers-how-much/,Seller Concessions To Buyers - How Much?,95,100,100,69,seo,1.4 s,1.0 s,0 ms,0,1.0 s,no
desktop,/service-areas/apache-county-az/alpine/,https://azmortgage.vercel.app/service-areas/apache-county-az/alpine/,Alpine - Arizona Home Loans | The Mortgage Brothers,87,100,100,69,seo,1.9 s,1.1 s,0 ms,0,1.6 s,no
desktop,/service-areas/apache-county-az/chinle/,https://azmortgage.vercel.app/service-areas/apache-county-az/chinle/,Arizona Mortgage Broker Service Areas – Counties We Serve,87,100,100,69,seo,1.9 s,1.1 s,0 ms,0,1.6 s,no
desktop,/service-areas/apache-county-az/eagar/,https://azmortgage.vercel.app/service-areas/apache-county-az/eagar/,Eagar - Arizona Home Loans | The Mortgage Brothers,89,100,100,69,seo,1.9 s,1.1 s,0 ms,0,1.1 s,no
desktop,/service-areas/apache-county-az/greer/,https://azmortgage.vercel.app/service-areas/apache-county-az/greer/,Greer - Arizona Home Loans | The Mortgage Brothers,88,100,100,69,seo,1.9 s,1.1 s,0 ms,0,1.4 s,no
desktop,/service-areas/apache-county-az/snowflake/,https://azmortgage.vercel.app/service-areas/apache-county-az/snowflake/,Snowflake - Arizona Home Loans | The Mortgage Brothers,88,100,100,69,seo,1.9 s,1.1 s,0 ms,0,1.4 s,no
desktop,/service-areas/apache-county-az/springerville/,https://azmortgage.vercel.app/service-areas/apache-county-az/springerville/,Springerville Mortgage Experts – Your Local Home Loan Partners,89,100,100,69,seo,1.9 s,1.1 s,0 ms,0,1.1 s,no
desktop,/service-areas/apache-county-az/st-johns/,https://azmortgage.vercel.app/service-areas/apache-county-az/st-johns/,Arizona Mortgage Broker Service Areas – Counties We Serve,89,100,100,69,seo,1.9 s,1.1 s,0 ms,0,1.1 s,no
desktop,/service-areas/apache-county-az/window-rock/,https://azmortgage.vercel.app/service-areas/apache-county-az/window-rock/,Arizona Mortgage Broker Service Areas – Counties We Serve,88,100,100,69,seo,2.0 s,1.1 s,0 ms,0,1.1 s,no
desktop,/service-areas/cochise-county-az/benson/,https://azmortgage.vercel.app/service-areas/cochise-county-az/benson/,Arizona Mortgage Broker Service Areas – Counties We Serve,88,100,100,69,seo,2.0 s,1.1 s,0 ms,0,1.1 s,no
desktop,/service-areas/cochise-county-az/bisbee/,https://azmortgage.vercel.app/service-areas/cochise-county-az/bisbee/,Bisbee - Arizona Home Loans | The Mortgage Brothers,91,100,100,69,seo,1.8 s,1.0 s,0 ms,0,1.0 s,no
desktop,/service-areas/cochise-county-az/douglas/,https://azmortgage.vercel.app/service-areas/cochise-county-az/douglas/,Douglas - Arizona Home Loans | The Mortgage Brothers,97,100,100,69,seo,1.1 s,1.0 s,0 ms,0,1.0 s,no
desktop,/service-areas/cochise-county-az/huachuca-city/,https://azmortgage.vercel.app/service-areas/cochise-county-az/huachuca-city/,Arizona Mortgage Broker Service Areas – Counties We Serve,88,100,100,69,seo,2.0 s,1.1 s,0 ms,0,1.1 s,no
desktop,/service-areas/cochise-county-az/sierra-vista/,https://azmortgage.vercel.app/service-areas/cochise-county-az/sierra-vista/,Sierra Vista - Arizona Home Loans | The Mortgage Brothers,88,100,100,69,seo,2.0 s,1.1 s,0 ms,0,1.1 s,no
desktop,/service-areas/cochise-county-az/tombstone/,https://azmortgage.vercel.app/service-areas/cochise-county-az/tombstone/,Tombstone - Arizona Home Loans | The Mortgage Brothers,88,100,100,69,seo,2.0 s,1.1 s,0 ms,0,1.1 s,no
desktop,/service-areas/cochise-county-az/willcox/,https://azmortgage.vercel.app/service-areas/cochise-county-az/willcox/,Arizona Mortgage Broker Service Areas – Counties We Serve,89,100,100,69,seo,1.9 s,1.1 s,0 ms,0,1.1 s,no
desktop,/service-areas/coconino-county-az/bellemont/,https://azmortgage.vercel.app/service-areas/coconino-county-az/bellemont/,Bellemont Mortgages: Get #1 Trusted Mortgage Broker in Bellemont,88,100,100,69,seo,2.0 s,1.1 s,0 ms,0,1.1 s,no
desktop,/service-areas/coconino-county-az/doney-park/,https://azmortgage.vercel.app/service-areas/coconino-county-az/doney-park/,Doney Park Mortgages: Get Mortgage Broker in Doney Park Az,88,100,100,69,seo,2.0 s,1.1 s,0 ms,0,1.1 s,no
desktop,/service-areas/coconino-county-az/flagstaff/,https://azmortgage.vercel.app/service-areas/coconino-county-az/flagstaff/,Flagstaff Mortgages: Get Trusted Mortgage Brokers Flagstaff,89,100,100,69,seo,1.9 s,1.1 s,0 ms,0,1.1 s,no
desktop,/service-areas/coconino-county-az/fredonia/,https://azmortgage.vercel.app/service-areas/coconino-county-az/fredonia/,Arizona Mortgage Broker Service Areas – Counties We Serve,88,100,100,69,seo,2.0 s,1.1 s,0 ms,0,1.1 s,no
desktop,/service-areas/coconino-county-az/happy-jack/,https://azmortgage.vercel.app/service-areas/coconino-county-az/happy-jack/,Happy Jack Mortgages: Get Mortgage Brokers in Happy Jack Az,88,100,100,69,seo,2.0 s,1.1 s,0 ms,0,1.1 s,no
desktop,/service-areas/coconino-county-az/kachina-village/,https://azmortgage.vercel.app/service-areas/coconino-county-az/kachina-village/,Kachina Village Mortgages - Your Local Mortgage Experts,91,100,100,69,seo,1.8 s,1.0 s,0 ms,0,1.0 s,no
desktop,/service-areas/coconino-county-az/mormon-lake/,https://azmortgage.vercel.app/service-areas/coconino-county-az/mormon-lake/,Mormon Lake Mortgages - Your Local Mortgage Experts,89,100,100,69,seo,1.9 s,1.1 s,0 ms,0,1.1 s,no
desktop,/service-areas/coconino-county-az/mountainaire/,https://azmortgage.vercel.app/service-areas/coconino-county-az/mountainaire/,Mountainaire Mortgages: Get Mortgage Brokers in Mountainaire,88,100,100,69,seo,2.0 s,1.1 s,0 ms,0,1.1 s,no
desktop,/service-areas/coconino-county-az/munds-park/,https://azmortgage.vercel.app/service-areas/coconino-county-az/munds-park/,Munds Park Mortgages: Get Mortgage Broker in Munds Park Az,88,100,100,69,seo,2.0 s,1.1 s,0 ms,0,1.1 s,no
desktop,/service-areas/coconino-county-az/page/,https://azmortgage.vercel.app/service-areas/coconino-county-az/page/,Page Mortgages: Get Trusted Mortgage Broker in Page Az,88,100,100,69,seo,2.0 s,1.1 s,0 ms,0,1.1 s,no
desktop,/service-areas/coconino-county-az/parks/,https://azmortgage.vercel.app/service-areas/coconino-county-az/parks/,Parks Mortgages: Get Trusted Mortgage Broker in Parks Az,88,100,100,69,seo,2.0 s,1.1 s,0 ms,0,1.1 s,no
desktop,/service-areas/coconino-county-az/sedona/,https://azmortgage.vercel.app/service-areas/coconino-county-az/sedona/,Sedona Mortgages: Get Trusted Mortgage Broker in Sedona Az,91,100,100,69,seo,1.9 s,1.0 s,0 ms,0,1.0 s,no
desktop,/service-areas/coconino-county-az/timberline/,https://azmortgage.vercel.app/service-areas/coconino-county-az/timberline/,Timberline Mortgages: Get Your Local Mortgage Experts,88,100,100,69,seo,2.0 s,1.1 s,0 ms,0,1.1 s,no
desktop,/service-areas/coconino-county-az/tusayan/,https://azmortgage.vercel.app/service-areas/coconino-county-az/tusayan/,Arizona Mortgage Broker Service Areas – Counties We Serve,89,100,100,69,seo,1.9 s,1.1 s,0 ms,0,1.1 s,no
desktop,/service-areas/coconino-county-az/williams/,https://azmortgage.vercel.app/service-areas/coconino-county-az/williams/,Williams Mortgages: Trusted Mortgage Broker in Williams Az,88,100,100,69,seo,2.0 s,1.1 s,0 ms,0,1.1 s,no
desktop,/service-areas/gila-county-az/christopher-creek/,https://azmortgage.vercel.app/service-areas/gila-county-az/christopher-creek/,Christopher Creek - Arizona Home Loans | The Mortgage Brothers,88,100,100,69,seo,2.0 s,1.1 s,0 ms,0,1.1 s,no
desktop,/service-areas/gila-county-az/forest-lakes/,https://azmortgage.vercel.app/service-areas/gila-county-az/forest-lakes/,Forest Lakes Mortgage – Your Local Mortgage Experts,88,100,100,69,seo,2.0 s,1.1 s,0 ms,0,1.1 s,no
desktop,/service-areas/gila-county-az/globe/,https://azmortgage.vercel.app/service-areas/gila-county-az/globe/,Globe - Arizona Home Loans | The Mortgage Brothers,88,100,100,69,seo,2.0 s,1.1 s,0 ms,0,1.1 s,no
desktop,/service-areas/gila-county-az/hayden/,https://azmortgage.vercel.app/service-areas/gila-county-az/hayden/,Arizona Mortgage Broker Service Areas – Counties We Serve,88,100,100,69,seo,2.0 s,1.1 s,0 ms,0,1.1 s,no
desktop,/service-areas/gila-county-az/kohls-ranch/,https://azmortgage.vercel.app/service-areas/gila-county-az/kohls-ranch/,Kohls Ranch Mortgage Experts – Your Local Home Loan Partners,88,100,100,69,seo,2.0 s,1.1 s,0 ms,0,1.1 s,no
desktop,/service-areas/gila-county-az/miami/,https://azmortgage.vercel.app/service-areas/gila-county-az/miami/,Miami - Arizona Home Loans | The Mortgage Brothers,88,100,100,69,seo,2.0 s,1.1 s,0 ms,0,1.1 s,no
desktop,/service-areas/gila-county-az/payson/,https://azmortgage.vercel.app/service-areas/gila-county-az/payson/,Payson - Arizona Home Loans | The Mortgage Brothers,88,100,100,69,seo,2.0 s,1.1 s,0 ms,0,1.1 s,no
desktop,/service-areas/gila-county-az/star-valley/,https://azmortgage.vercel.app/service-areas/gila-county-az/star-valley/,Star Valley - Arizona Home Loans | The Mortgage Brothers,89,100,100,69,seo,1.9 s,1.1 s,0 ms,0,1.1 s,no
desktop,/service-areas/gila-county-az/strawberry/,https://azmortgage.vercel.app/service-areas/gila-county-az/strawberry/,Strawberry Mortgage Experts – Your Local Home Loan Partners,92,100,100,69,seo,1.6 s,1.1 s,0 ms,0,1.1 s,no
desktop,/service-areas/gila-county-az/washington-park/,https://azmortgage.vercel.app/service-areas/gila-county-az/washington-park/,Washington Park - Arizona Home Loans | The Mortgage Brothers,92,100,100,69,seo,1.6 s,1.1 s,0 ms,0,1.1 s,no
desktop,/service-areas/gila-county-az/whispering-pines/,https://azmortgage.vercel.app/service-areas/gila-county-az/whispering-pines/,Whispering Pines Mortgage – Your Local Mortgage Experts,89,100,100,69,seo,2.0 s,1.1 s,0 ms,0,1.1 s,no
desktop,/service-areas/graham-county-az/pima/,https://azmortgage.vercel.app/service-areas/graham-county-az/pima/,Pima Mortgage Experts – Your Trusted Home Loan Partners,88,100,100,69,seo,2.0 s,1.1 s,0 ms,0,1.1 s,no
desktop,/service-areas/graham-county-az/safford/,https://azmortgage.vercel.app/service-areas/graham-county-az/safford/,Safford Mortgage Experts – Your Local Home Loan Partners,88,100,100,69,seo,2.0 s,1.1 s,0 ms,0,1.1 s,no
desktop,/service-areas/graham-county-az/thatcher/,https://azmortgage.vercel.app/service-areas/graham-county-az/thatcher/,Thatcher - Arizona Home Loans | The Mortgage Brothers,89,100,100,69,seo,1.9 s,1.1 s,0 ms,0,1.1 s,no
desktop,/service-areas/greenlee-county-az/clifton/,https://azmortgage.vercel.app/service-areas/greenlee-county-az/clifton/,Clifton - Arizona Home Loans | The Mortgage Brothers,89,100,100,69,seo,1.9 s,1.1 s,0 ms,0,1.1 s,no
desktop,/service-areas/greenlee-county-az/duncan/,https://azmortgage.vercel.app/service-areas/greenlee-county-az/duncan/,Duncan - Arizona Home Loans | The Mortgage Brothers,91,100,100,69,seo,1.9 s,1.0 s,0 ms,0,1.0 s,no
desktop,/service-areas/greenlee-county-az/morenci/,https://azmortgage.vercel.app/service-areas/greenlee-county-az/morenci/,Morenci - Arizona Home Loans | The Mortgage Brothers,89,100,100,69,seo,1.9 s,1.1 s,0 ms,0,1.1 s,no
desktop,/service-areas/la-paz-county-az/bouse/,https://azmortgage.vercel.app/service-areas/la-paz-county-az/bouse/,Arizona Mortgage Broker Service Areas – Counties We Serve,88,100,100,69,seo,2.0 s,1.1 s,0 ms,0,1.1 s,no
desktop,/service-areas/la-paz-county-az/parker/,https://azmortgage.vercel.app/service-areas/la-paz-county-az/parker/,Parker - Arizona Home Loans | The Mortgage Brothers,91,100,100,69,seo,1.8 s,1.0 s,0 ms,0,1.0 s,no
desktop,/service-areas/la-paz-county-az/quartzsite/,https://azmortgage.vercel.app/service-areas/la-paz-county-az/quartzsite/,Quartzsite - Arizona Home Loans | The Mortgage Brothers,88,100,100,69,seo,2.0 s,1.1 s,0 ms,0,1.1 s,no
desktop,/service-areas/la-paz-county-az/salome/,https://azmortgage.vercel.app/service-areas/la-paz-county-az/salome/,Arizona Mortgage Broker Service Areas – Counties We Serve,88,100,100,69,seo,2.0 s,1.1 s,0 ms,0,1.1 s,no
desktop,/service-areas/maricopa-county-az/anthem/,https://azmortgage.vercel.app/service-areas/maricopa-county-az/anthem/,Anthem Mortgage Broker Experts: Trusted Home Loan Partners,97,100,100,69,seo,1.1 s,1.0 s,0 ms,0,1.0 s,no
desktop,/service-areas/maricopa-county-az/apache-junction/,https://azmortgage.vercel.app/service-areas/maricopa-county-az/apache-junction/,Apache Junction Mortgage Brokers: Your Trusted Home Loan Partners,89,100,100,69,seo,1.9 s,1.1 s,0 ms,0,1.1 s,no
desktop,/service-areas/maricopa-county-az/avondale/,https://azmortgage.vercel.app/service-areas/maricopa-county-az/avondale/,Avondale Mortgage Experts: Trusted Home Loan Partners,88,100,100,69,seo,2.0 s,1.1 s,0 ms,0.001,1.1 s,no
desktop,/service-areas/maricopa-county-az/buckeye/,https://azmortgage.vercel.app/service-areas/maricopa-county-az/buckeye/,#1 Buckeye Mortgage Experts: Get Trusted Home Loan Partners,88,100,100,69,seo,2.0 s,1.1 s,0 ms,0.001,1.1 s,no
desktop,/service-areas/maricopa-county-az/carefree/,https://azmortgage.vercel.app/service-areas/maricopa-county-az/carefree/,#1 Carefree Mortgage Experts: Your Best Home Loan Partners,88,100,100,69,seo,2.0 s,1.1 s,0 ms,0.002,1.1 s,no
desktop,/service-areas/maricopa-county-az/cave-creek/,https://azmortgage.vercel.app/service-areas/maricopa-county-az/cave-creek/,Cave Creek Mortgage Experts: Your Trusted Home Loan Partners,94,100,100,69,seo,1.5 s,1.0 s,0 ms,0,1.0 s,no
desktop,/service-areas/maricopa-county-az/chandler/,https://azmortgage.vercel.app/service-areas/maricopa-county-az/chandler/,#1 Chandler Mortgage Experts: Get Trusted Home Loan Partners,88,100,100,69,seo,2.0 s,1.1 s,0 ms,0.002,1.1 s,no
desktop,/service-areas/maricopa-county-az/el-mirage/,https://azmortgage.vercel.app/service-areas/maricopa-county-az/el-mirage/,Arizona Mortgage Broker Service Areas – Counties We Serve,88,100,100,69,seo,2.0 s,1.1 s,0 ms,0.001,1.1 s,no
desktop,/service-areas/maricopa-county-az/fountain-hills/,https://azmortgage.vercel.app/service-areas/maricopa-county-az/fountain-hills/,#1 Fountain Hills Mortgage Experts: Best Home Loan Partners,88,100,100,69,seo,2.0 s,1.1 s,0 ms,0.001,1.1 s,no
desktop,/service-areas/maricopa-county-az/gila-bend/,https://azmortgage.vercel.app/service-areas/maricopa-county-az/gila-bend/,Arizona Mortgage Broker Service Areas – Counties We Serve,91,100,100,69,seo,1.8 s,1.0 s,0 ms,0.001,1.0 s,no
desktop,/service-areas/maricopa-county-az/gilbert/,https://azmortgage.vercel.app/service-areas/maricopa-county-az/gilbert/,Gilbert Mortgage Experts: Get Trusted Home Loan Partners,88,100,100,69,seo,2.0 s,1.1 s,0 ms,0.001,1.1 s,no
desktop,/service-areas/maricopa-county-az/glendale/,https://azmortgage.vercel.app/service-areas/maricopa-county-az/glendale/,#1 Glendale Mortgage Experts: Your Trusted Home Loan Partner,89,100,100,69,seo,1.9 s,1.1 s,0 ms,0.002,1.1 s,no
desktop,/service-areas/maricopa-county-az/goodyear/,https://azmortgage.vercel.app/service-areas/maricopa-county-az/goodyear/,#1 Goodyear Mortgage Experts: Get Trusted Home Loan Partners,88,100,100,69,seo,2.0 s,1.1 s,0 ms,0.002,1.1 s,no
desktop,/service-areas/maricopa-county-az/guadalupe/,https://azmortgage.vercel.app/service-areas/maricopa-county-az/guadalupe/,Guadalupe Mortgage Experts: Your Trusted Home Loan Partners,89,100,100,69,seo,1.9 s,1.1 s,0 ms,0.001,1.1 s,no
desktop,/service-areas/maricopa-county-az/litchfield-park/,https://azmortgage.vercel.app/service-areas/maricopa-county-az/litchfield-park/,#1 Litchfield Park Mortgage Experts: Get Best Home Loan Partners,89,100,100,69,seo,1.9 s,1.1 s,0 ms,0,1.1 s,no
desktop,/service-areas/maricopa-county-az/mesa/,https://azmortgage.vercel.app/service-areas/maricopa-county-az/mesa/,#1 Mesa Mortgage Experts: Get Best Local Home Loan Partners,89,100,100,69,seo,1.9 s,1.1 s,0 ms,0.001,1.1 s,no
desktop,/service-areas/maricopa-county-az/new-river/,https://azmortgage.vercel.app/service-areas/maricopa-county-az/new-river/,#1 New River Mortgage Experts: Get Trusted Home Loan Partners,91,100,100,69,seo,1.8 s,1.0 s,0 ms,0,1.0 s,no
desktop,/service-areas/maricopa-county-az/paradise-valley/,https://azmortgage.vercel.app/service-areas/maricopa-county-az/paradise-valley/,#1 Paradise Valley Mortgage Experts: Your Trusted Home Loan Partners,87,100,100,69,seo,2.0 s,1.1 s,0 ms,0,1.5 s,no
desktop,/service-areas/maricopa-county-az/peoria/,https://azmortgage.vercel.app/service-areas/maricopa-county-az/peoria/,#1 Peoria Mortgage Experts: Your Trusted Home Loan Partners,88,100,100,69,seo,2.0 s,1.1 s,0 ms,0,1.1 s,no
desktop,/service-areas/maricopa-county-az/phoenix/,https://azmortgage.vercel.app/service-areas/maricopa-county-az/phoenix/,"Phoenix Mortgage Brokers | Home Loans in Phoenix, AZ",91,100,100,69,seo,1.9 s,1.0 s,0 ms,0.001,1.0 s,no
desktop,/service-areas/maricopa-county-az/queen-creek/,https://azmortgage.vercel.app/service-areas/maricopa-county-az/queen-creek/,#1 Queen Creek Mortgage Experts: Trusted Home Loan Partners,89,100,100,69,seo,1.9 s,1.1 s,0 ms,0.001,1.1 s,no
desktop,/service-areas/maricopa-county-az/rio-verde/,https://azmortgage.vercel.app/service-areas/maricopa-county-az/rio-verde/,Rio Verde Mortgage Experts: Your Best Home Loan Partners,88,100,100,69,seo,2.0 s,1.1 s,0 ms,0.002,1.1 s,no
desktop,/service-areas/maricopa-county-az/scottsdale/,https://azmortgage.vercel.app/service-areas/maricopa-county-az/scottsdale/,#1 Scottsdale Mortgage Experts: Get Best Home Loan Partners,88,100,100,69,seo,2.0 s,1.1 s,0 ms,0.001,1.1 s,no
desktop,/service-areas/maricopa-county-az/sun-city-west/,https://azmortgage.vercel.app/service-areas/maricopa-county-az/sun-city-west/,#1 Sun City West Mortgage Experts: Get Best Home Loan Partners,89,100,100,69,seo,1.9 s,1.1 s,0 ms,0,1.1 s,no
desktop,/service-areas/maricopa-county-az/sun-city/,https://azmortgage.vercel.app/service-areas/maricopa-county-az/sun-city/,Sun City Mortgage Experts: Get Best Home Loan Partners,88,100,100,69,seo,2.0 s,1.1 s,0 ms,0.002,1.1 s,no
desktop,/service-areas/maricopa-county-az/surprise/,https://azmortgage.vercel.app/service-areas/maricopa-county-az/surprise/,#1 Surprise Mortgage Experts: Your Best Home Loan Partners,88,100,100,69,seo,2.0 s,1.1 s,0 ms,0.002,1.1 s,no
desktop,/service-areas/maricopa-county-az/tempe/,https://azmortgage.vercel.app/service-areas/maricopa-county-az/tempe/,#1 Tempe Mortgage Experts: Your trusted Home Loan Partners,88,100,100,69,seo,2.0 s,1.1 s,0 ms,0.001,1.1 s,no
desktop,/service-areas/maricopa-county-az/tolleson/,https://azmortgage.vercel.app/service-areas/maricopa-county-az/tolleson/,Arizona Mortgage Broker Service Areas – Counties We Serve,88,100,100,69,seo,2.0 s,1.1 s,0 ms,0.002,1.1 s,no
desktop,/service-areas/maricopa-county-az/wickenburg/,https://azmortgage.vercel.app/service-areas/maricopa-county-az/wickenburg/,Wickenburg Mortgage Experts: Your Trusted Home Loan Partners,88,100,100,69,seo,2.0 s,1.1 s,0 ms,0.001,1.1 s,no
desktop,/service-areas/maricopa-county-az/youngtown/,https://azmortgage.vercel.app/service-areas/maricopa-county-az/youngtown/,Arizona Mortgage Broker Service Areas – Counties We Serve,89,100,100,69,seo,2.0 s,1.1 s,0 ms,0,1.1 s,no
desktop,/service-areas/mohave-county-az/bullhead-city/,https://azmortgage.vercel.app/service-areas/mohave-county-az/bullhead-city/,Bullhead City - Arizona Home Loans | The Mortgage Brothers,88,100,100,69,seo,2.0 s,1.1 s,0 ms,0,1.1 s,no
desktop,/service-areas/mohave-county-az/chloride/,https://azmortgage.vercel.app/service-areas/mohave-county-az/chloride/,Chloride - Arizona Home Loans | The Mortgage Brothers,91,100,100,69,seo,1.9 s,1.0 s,0 ms,0,1.0 s,no
desktop,/service-areas/mohave-county-az/colorado-city/,https://azmortgage.vercel.app/service-areas/mohave-county-az/colorado-city/,Colorado City - Arizona Home Loans | The Mortgage Brothers,91,100,100,69,seo,1.8 s,1.0 s,0 ms,0,1.0 s,no
desktop,/service-areas/mohave-county-az/fort-mohave/,https://azmortgage.vercel.app/service-areas/mohave-county-az/fort-mohave/,Fort Mohave - Arizona Home Loans | The Mortgage Brothers,89,100,100,69,seo,2.0 s,1.1 s,0 ms,0,1.1 s,no
desktop,/service-areas/mohave-county-az/golden-valley/,https://azmortgage.vercel.app/service-areas/mohave-county-az/golden-valley/,Arizona Mortgage Broker Service Areas – Counties We Serve,90,100,100,69,seo,1.9 s,1.0 s,0 ms,0,1.0 s,no
desktop,/service-areas/mohave-county-az/kingman/,https://azmortgage.vercel.app/service-areas/mohave-county-az/kingman/,Kingman - Arizona Home Loans | The Mortgage Brothers,85,100,96,69,seo,1.7 s,1.2 s,0 ms,0,2.4 s,no
desktop,/service-areas/mohave-county-az/lake-havasu-city/,https://azmortgage.vercel.app/service-areas/mohave-county-az/lake-havasu-city/,Lake Havasu City - Arizona Home Loans | The Mortgage Brothers,88,100,100,69,seo,2.0 s,1.1 s,0 ms,0,1.1 s,no
desktop,/service-areas/navajo-county-az/holbrook/,https://azmortgage.vercel.app/service-areas/navajo-county-az/holbrook/,Holbrook - Arizona Home Loans | The Mortgage Brothers,88,100,100,69,seo,1.9 s,1.1 s,0 ms,0,1.4 s,no
desktop,/service-areas/navajo-county-az/pinetop-lakeside/,https://azmortgage.vercel.app/service-areas/navajo-county-az/pinetop-lakeside/,Arizona Mortgage Broker Service Areas – Counties We Serve,86,100,100,69,seo,2.0 s,1.1 s,0 ms,0,1.8 s,no
desktop,/service-areas/navajo-county-az/pinetop/,https://azmortgage.vercel.app/service-areas/navajo-county-az/pinetop/,Pinetop - Arizona Home Loans | The Mortgage Brothers,86,100,100,69,seo,1.9 s,1.1 s,0 ms,0,1.9 s,no
desktop,/service-areas/navajo-county-az/show-low/,https://azmortgage.vercel.app/service-areas/navajo-county-az/show-low/,Show Low - Arizona Home Loans | The Mortgage Brothers,88,100,100,69,seo,2.0 s,1.1 s,0 ms,0,1.4 s,no
desktop,/service-areas/navajo-county-az/snowflake/,https://azmortgage.vercel.app/service-areas/navajo-county-az/snowflake/,Arizona Mortgage Broker Service Areas – Counties We Serve,87,100,100,69,seo,2.0 s,1.1 s,0 ms,0,1.4 s,no
desktop,/service-areas/navajo-county-az/taylor/,https://azmortgage.vercel.app/service-areas/navajo-county-az/taylor/,Taylor - Arizona Home Loans | The Mortgage Brothers,87,100,100,69,seo,2.0 s,1.1 s,0 ms,0,1.5 s,no
desktop,/service-areas/navajo-county-az/winslow/,https://azmortgage.vercel.app/service-areas/navajo-county-az/winslow/,Winslow - Arizona Home Loans | The Mortgage Brothers,87,100,100,69,seo,1.9 s,1.1 s,0 ms,0,1.6 s,no
desktop,/service-areas/pima-county-az/catalina-foothills/,https://azmortgage.vercel.app/service-areas/pima-county-az/catalina-foothills/,Arizona Mortgage Broker Service Areas – Counties We Serve,86,100,100,69,seo,2.0 s,1.1 s,0 ms,0,1.7 s,no
desktop,/service-areas/pima-county-az/green-valley/,https://azmortgage.vercel.app/service-areas/pima-county-az/green-valley/,Arizona Mortgage Broker Service Areas – Counties We Serve,86,100,100,69,seo,1.9 s,1.1 s,0 ms,0,2.0 s,no
desktop,/service-areas/pima-county-az/marana/,https://azmortgage.vercel.app/service-areas/pima-county-az/marana/,Arizona Mortgage Broker Service Areas – Counties We Serve,87,100,100,69,seo,2.0 s,1.1 s,0 ms,0,1.7 s,no
desktop,/service-areas/pima-county-az/oro-valley/,https://azmortgage.vercel.app/service-areas/pima-county-az/oro-valley/,Oro Valley - Arizona Home Loans | The Mortgage Brothers,93,100,100,69,seo,1.5 s,1.0 s,0 ms,0,1.3 s,no
desktop,/service-areas/pima-county-az/sahuarita/,https://azmortgage.vercel.app/service-areas/pima-county-az/sahuarita/,Sahuarita - Arizona Home Loans | The Mortgage Brothers,88,100,100,69,seo,2.0 s,1.1 s,0 ms,0,1.3 s,no
desktop,/service-areas/pima-county-az/south-tucson/,https://azmortgage.vercel.app/service-areas/pima-county-az/south-tucson/,Arizona Mortgage Broker Service Areas – Counties We Serve,89,100,100,69,seo,1.9 s,1.1 s,0 ms,0,1.3 s,no
desktop,/service-areas/pima-county-az/tucson/,https://azmortgage.vercel.app/service-areas/pima-county-az/tucson/,Tucson - Arizona Home Loans | The Mortgage Brothers,90,100,100,69,seo,1.9 s,1.0 s,0 ms,0,1.3 s,no
desktop,/service-areas/pima-county-az/vail/,https://azmortgage.vercel.app/service-areas/pima-county-az/vail/,Vail - Arizona Home Loans | The Mortgage Brothers,90,100,100,69,seo,1.8 s,1.0 s,0 ms,0,1.3 s,no
desktop,/service-areas/pinal-county-az/apache-junction/,https://azmortgage.vercel.app/service-areas/pinal-county-az/apache-junction/,Apache Junction Mortgage Experts – Local Home Loan Partners,87,100,100,69,seo,2.0 s,1.1 s,0 ms,0,1.5 s,no
desktop,/service-areas/pinal-county-az/casa-grande/,https://azmortgage.vercel.app/service-areas/pinal-county-az/casa-grande/,Casa Grande Mortgage Experts – Local Home Loan Partners,88,100,100,69,seo,2.0 s,1.1 s,0 ms,0,1.4 s,no
desktop,/service-areas/pinal-county-az/coolidge/,https://azmortgage.vercel.app/service-areas/pinal-county-az/coolidge/,Coolidge Mortgage Experts – Local Home Loan Partners,88,100,100,69,seo,1.9 s,1.1 s,0 ms,0,1.5 s,no
desktop,/service-areas/pinal-county-az/eloy/,https://azmortgage.vercel.app/service-areas/pinal-county-az/eloy/,Arizona Mortgage Broker Service Areas – Counties We Serve,88,100,100,69,seo,2.0 s,1.1 s,0 ms,0,1.4 s,no
desktop,/service-areas/pinal-county-az/florence/,https://azmortgage.vercel.app/service-areas/pinal-county-az/florence/,Florence Mortgage Experts – Local Home Loan Partners,87,100,100,69,seo,2.0 s,1.2 s,0 ms,0,1.5 s,no
desktop,/service-areas/pinal-county-az/kearny/,https://azmortgage.vercel.app/service-areas/pinal-county-az/kearny/,Arizona Mortgage Broker Service Areas – Counties We Serve,87,100,100,69,seo,2.0 s,1.1 s,0 ms,0,1.5 s,no
desktop,/service-areas/pinal-county-az/mammoth/,https://azmortgage.vercel.app/service-areas/pinal-county-az/mammoth/,Arizona Mortgage Broker Service Areas – Counties We Serve,87,100,100,69,seo,2.0 s,1.1 s,0 ms,0,1.5 s,no
desktop,/service-areas/pinal-county-az/maricopa/,https://azmortgage.vercel.app/service-areas/pinal-county-az/maricopa/,Arizona Mortgage Broker Service Areas – Counties We Serve,88,100,100,69,seo,1.9 s,1.1 s,0 ms,0,1.3 s,no
desktop,/service-areas/pinal-county-az/queen-creek/,https://azmortgage.vercel.app/service-areas/pinal-county-az/queen-creek/,Queen Creek Mortgage Experts – Local Home Loan Partners,87,100,100,69,seo,2.0 s,1.1 s,0 ms,0,1.6 s,no
desktop,/service-areas/pinal-county-az/san-tan-valley/,https://azmortgage.vercel.app/service-areas/pinal-county-az/san-tan-valley/,San Tan Valley Mortgage Experts - Local Home Loan Partners,87,100,100,69,seo,2.0 s,1.1 s,0 ms,0,1.5 s,no
desktop,/service-areas/pinal-county-az/superior/,https://azmortgage.vercel.app/service-areas/pinal-county-az/superior/,Arizona Mortgage Broker Service Areas – Counties We Serve,88,100,100,69,seo,1.9 s,1.1 s,0 ms,0,1.4 s,no
desktop,/service-areas/santa-cruz-county-az/nogales/,https://azmortgage.vercel.app/service-areas/santa-cruz-county-az/nogales/,Arizona Mortgage Broker Service Areas – Counties We Serve,88,100,100,69,seo,2.0 s,1.1 s,0 ms,0,1.4 s,no
desktop,/service-areas/santa-cruz-county-az/patagonia/,https://azmortgage.vercel.app/service-areas/santa-cruz-county-az/patagonia/,Arizona Mortgage Broker Service Areas – Counties We Serve,87,100,100,69,seo,2.0 s,1.1 s,0 ms,0,1.5 s,no
desktop,/service-areas/santa-cruz-county-az/rio-rico/,https://azmortgage.vercel.app/service-areas/santa-cruz-county-az/rio-rico/,Arizona Mortgage Broker Service Areas – Counties We Serve,88,100,100,69,seo,2.0 s,1.1 s,0 ms,0,1.4 s,no
desktop,/service-areas/santa-cruz-county-az/santa-cruz/,https://azmortgage.vercel.app/service-areas/santa-cruz-county-az/santa-cruz/,Santa Cruz AZ Mortgage Experts – Your Home Loan Partners,87,100,100,69,seo,2.0 s,1.1 s,0 ms,0,1.5 s,no
desktop,/service-areas/santa-cruz-county-az/tubac/,https://azmortgage.vercel.app/service-areas/santa-cruz-county-az/tubac/,Arizona Mortgage Broker Service Areas – Counties We Serve,87,100,100,69,seo,2.0 s,1.1 s,0 ms,0,1.5 s,no
desktop,/service-areas/yavapai-county-az/camp-verde/,https://azmortgage.vercel.app/service-areas/yavapai-county-az/camp-verde/,Arizona Mortgage Broker Service Areas – Counties We Serve,87,100,100,69,seo,2.0 s,1.1 s,0 ms,0,1.5 s,no
desktop,/service-areas/yavapai-county-az/chino-valley/,https://azmortgage.vercel.app/service-areas/yavapai-county-az/chino-valley/,Chino Valley Mortgages: Get Trusted Mortgage Broker in Chino Valley,90,100,100,69,seo,1.9 s,1.0 s,0 ms,0,1.3 s,no
desktop,/service-areas/yavapai-county-az/clarkdale/,https://azmortgage.vercel.app/service-areas/yavapai-county-az/clarkdale/,Clarkdale Mortgage: Get Trusted Mortgage Broker in Clarkdale,87,100,100,69,seo,1.9 s,1.1 s,0 ms,0,1.6 s,no
desktop,/service-areas/yavapai-county-az/cornville/,https://azmortgage.vercel.app/service-areas/yavapai-county-az/cornville/,Cornville Mortgage: Get Local Mortgage Broker in Cornville,97,100,100,69,seo,1.0 s,1.0 s,0 ms,0,1.3 s,no
desktop,/service-areas/yavapai-county-az/cottonwood/,https://azmortgage.vercel.app/service-areas/yavapai-county-az/cottonwood/,Cottonwood Mortgages: Your Trusted Mortgage Broker in Cottonwood,88,100,100,69,seo,2.0 s,1.1 s,0 ms,0,1.4 s,no
desktop,/service-areas/yavapai-county-az/dewey-humboldt/,https://azmortgage.vercel.app/service-areas/yavapai-county-az/dewey-humboldt/,Arizona Mortgage Broker Service Areas – Counties We Serve,88,100,100,69,seo,1.9 s,1.1 s,0 ms,0,1.3 s,no
desktop,/service-areas/yavapai-county-az/dewey/,https://azmortgage.vercel.app/service-areas/yavapai-county-az/dewey/,Dewey Mortgage Experts - Local Home Loan Partners,88,100,100,69,seo,1.9 s,1.1 s,0 ms,0,1.5 s,no
desktop,/service-areas/yavapai-county-az/jerome/,https://azmortgage.vercel.app/service-areas/yavapai-county-az/jerome/,Jerome Mortgages – Get Your Local Mortgage Broker in Jerome,88,100,100,69,seo,2.0 s,1.1 s,0 ms,0,1.3 s,no
desktop,/service-areas/yavapai-county-az/prescott-valley/,https://azmortgage.vercel.app/service-areas/yavapai-county-az/prescott-valley/,Prescott Valley Mortgages – Get Trusted Mortgage Broker in Prescott Valley,88,100,100,69,seo,2.0 s,1.1 s,0 ms,0,1.4 s,no
desktop,/service-areas/yavapai-county-az/prescott/,https://azmortgage.vercel.app/service-areas/yavapai-county-az/prescott/,Prescott Mortgages: Your Local Mortgage Broker in Prescott,88,100,100,69,seo,1.9 s,1.1 s,0 ms,0,1.4 s,no
desktop,/service-areas/yavapai-county-az/sedona/,https://azmortgage.vercel.app/service-areas/yavapai-county-az/sedona/,Arizona Mortgage Broker Service Areas – Counties We Serve,88,100,100,69,seo,2.0 s,1.1 s,0 ms,0,1.4 s,no
desktop,/service-areas/yavapai-county-az/yavapai-hills/,https://azmortgage.vercel.app/service-areas/yavapai-county-az/yavapai-hills/,Yavapai Hills Mortgages – Get Trusted Mortgage Broker in Yavapai Hills,88,100,100,69,seo,1.9 s,1.1 s,0 ms,0,1.4 s,no
desktop,/service-areas/yuma-county-az/san-luis/,https://azmortgage.vercel.app/service-areas/yuma-county-az/san-luis/,San Luis - Arizona Home Loans | The Mortgage Brothers,87,100,100,69,seo,2.0 s,1.1 s,0 ms,0,1.5 s,no
desktop,/service-areas/yuma-county-az/somerton/,https://azmortgage.vercel.app/service-areas/yuma-county-az/somerton/,Arizona Mortgage Broker Service Areas – Counties We Serve,88,100,100,69,seo,1.9 s,1.1 s,0 ms,0,1.4 s,no
desktop,/service-areas/yuma-county-az/wellton/,https://azmortgage.vercel.app/service-areas/yuma-county-az/wellton/,Arizona Mortgage Broker Service Areas – Counties We Serve,88,100,100,69,seo,2.0 s,1.1 s,0 ms,0,1.4 s,no
desktop,/service-areas/yuma-county-az/yuma/,https://azmortgage.vercel.app/service-areas/yuma-county-az/yuma/,Yuma Mortgage Experts: Your Local Home Loans Partners,88,100,100,69,seo,1.9 s,1.1 s,0 ms,0,1.4 s,no
desktop,/specialty-loans/,https://azmortgage.vercel.app/specialty-loans/,Specialty Loans for All Your Unique Needs,87,100,100,69,seo,1.9 s,1.2 s,0 ms,0,1.5 s,no
desktop,/spouse-estate-considerations/,https://azmortgage.vercel.app/spouse-estate-considerations/,Spouse Mortgage and Estate Planning Tips,90,100,100,69,seo,1.7 s,1.2 s,0 ms,0,1.4 s,no
desktop,/the-broker-advantage/,https://azmortgage.vercel.app/the-broker-advantage/,Maximize Success with The Broker Advantage,88,96,100,69,seo,1.9 s,1.1 s,0 ms,0,1.5 s,no
desktop,/top-7-reasons-arizona-investment-home-buyers-choose-private-money-lenders/,https://azmortgage.vercel.app/top-7-reasons-arizona-investment-home-buyers-choose-private-money-lenders/,Top 7 Reasons Arizona Home Buyers Choose Private Money Lenders,89,100,100,69,seo,1.9 s,1.1 s,0 ms,0.023,1.4 s,no
desktop,/ultimate-guide-first-mortgage/,https://azmortgage.vercel.app/ultimate-guide-first-mortgage/,The Ultimate Guide to Your First Mortgage,86,96,100,69,seo,2.0 s,1.2 s,0 ms,0.003,1.5 s,no
desktop,/understanding-amortization-chart/,https://azmortgage.vercel.app/understanding-amortization-chart/,Understanding an Amortization Schedule - Mortgage Brothers,90,96,100,69,seo,1.7 s,1.0 s,0 ms,0,1.4 s,no
desktop,/va-loans-for-first-time-homebuyers-in-arizona-your-path-to-affordable-homeownership/,https://azmortgage.vercel.app/va-loans-for-first-time-homebuyers-in-arizona-your-path-to-affordable-homeownership/,VA Loans for First-Time Homebuyers in Arizona,88,100,100,69,seo,1.8 s,1.1 s,0 ms,0.023,1.5 s,no
desktop,/what-are-closing-costs-on-a-home-purchase/,https://azmortgage.vercel.app/what-are-closing-costs-on-a-home-purchase/,What Are Closing Costs on a Home Purchase? A Clear Breakdown,90,96,100,69,seo,1.8 s,1.0 s,0 ms,0,1.3 s,no
desktop,/what-are-mortgage-trigger-leads/,https://azmortgage.vercel.app/what-are-mortgage-trigger-leads/,What Are Mortgage Trigger Leads &amp; How to Stop Unwanted Calls,88,96,100,69,seo,2.0 s,1.1 s,0 ms,0,1.3 s,no
desktop,/what-if-my-spouse-dies-and-im-not-on-the-mortgage/,https://azmortgage.vercel.app/what-if-my-spouse-dies-and-im-not-on-the-mortgage/,What If My Spouse Dies and I am Not On The Mortgage?,87,96,100,69,seo,2.0 s,1.1 s,0 ms,0,1.5 s,no
desktop,/what-is-a-conventional-home-loan-the-complete-first-time-buyer-mortgage-guide/,https://azmortgage.vercel.app/what-is-a-conventional-home-loan-the-complete-first-time-buyer-mortgage-guide/,What Is a Conventional Home Loan? The Complete First-Time Buyer Mortgage Guide,88,96,100,69,seo,1.9 s,1.1 s,0 ms,0,1.6 s,no
desktop,/what-is-a-jumbo-loan-everything-you-need-to-know-before-applying/,https://azmortgage.vercel.app/what-is-a-jumbo-loan-everything-you-need-to-know-before-applying/,What Is a Jumbo Loan? Everything You Need to Know Before Applying,81,96,100,69,seo,2.0 s,1.8 s,0 ms,0,2.0 s,no
desktop,/what-is-an-example-of-a-mortgage-recast/,https://azmortgage.vercel.app/what-is-an-example-of-a-mortgage-recast/,What is an Example of a Mortgage Recast?,88,96,100,69,seo,2.0 s,1.1 s,0 ms,0,1.4 s,no
desktop,/what-is-the-difference-between-aan-arizona-condo-and-arizona-townhome/,https://azmortgage.vercel.app/what-is-the-difference-between-aan-arizona-condo-and-arizona-townhome/,What Is The Difference Between A Condo And A Townhome?,82,96,100,69,seo,1.9 s,1.8 s,0 ms,0,1.9 s,no
desktop,/what-you-need-to-know-about-the-arizona-prequalification-form/,https://azmortgage.vercel.app/what-you-need-to-know-about-the-arizona-prequalification-form/,What You Need to Know About the Arizona Prequalification Form,92,96,100,69,seo,1.5 s,1.0 s,0 ms,0,1.4 s,no
desktop,/when-is-a-mortgage-payment-actually-considered-late/,https://azmortgage.vercel.app/when-is-a-mortgage-payment-actually-considered-late/,When is a mortgage payment actually considered late?,89,96,100,69,seo,1.8 s,1.0 s,0 ms,0,1.5 s,no
desktop,/who-can-and-cannot-be-on-title-when-you-get-a-mortgage/,https://azmortgage.vercel.app/who-can-and-cannot-be-on-title-when-you-get-a-mortgage/,Who CAN and CANNOT Be On Title When you Get A Mortgage?,87,96,100,69,seo,2.0 s,1.1 s,0 ms,0,1.5 s,no
desktop,/who-qualifies-for-a-reverse-mortgage-understanding-eligibility-requirements/,https://azmortgage.vercel.app/who-qualifies-for-a-reverse-mortgage-understanding-eligibility-requirements/,Who Qualifies for a Reverse Mortgage? Understanding Eligibility,89,100,100,69,seo,1.9 s,1.1 s,0 ms,0.001,1.4 s,no
desktop,/why-use-an-arizona-mortgage-broker/,https://azmortgage.vercel.app/why-use-an-arizona-mortgage-broker/,Why Use an Arizona Mortgage Broker,91,96,100,69,seo,1.7 s,1.0 s,0 ms,0,1.3 s,no
mobile,/,https://azmortgage.vercel.app/,Arizona Mortgage Brothers | Phoenix Home Loan Broker,79,100,100,69,seo,2.2 s,1.2 s,740 ms,0,3.7 s,no
mobile,/air-conditionings-impact-phoenix-valley-real-estate/,https://azmortgage.vercel.app/air-conditionings-impact-phoenix-valley-real-estate/,Air Conditioning’s Impact on Phoenix Valley Real Estate,98,96,100,69,seo,2.0 s,1.1 s,100 ms,0,2.5 s,no
mobile,/arizona-binsr-buyer-inspection-notice-and-seller-response/,https://azmortgage.vercel.app/arizona-binsr-buyer-inspection-notice-and-seller-response/,Arizona BINSR Buyer Inspection Notice &amp; Seller Response,95,96,100,69,seo,2.1 s,1.2 s,210 ms,0,2.9 s,no
mobile,/arizona-home-buying-process/,https://azmortgage.vercel.app/arizona-home-buying-process/,Arizona Home Buying Process,99,96,100,69,seo,2.1 s,1.1 s,0 ms,0,2.0 s,no
mobile,/arizona-mortgage-approval-process/,https://azmortgage.vercel.app/arizona-mortgage-approval-process/,Learn About the Home Mortgage Approval Process,99,96,100,69,seo,1.9 s,1.1 s,0 ms,0,1.1 s,no
mobile,/arizona-mortgage-basics/,https://azmortgage.vercel.app/arizona-mortgage-basics/,Arizona Mortgage Basics,99,96,100,69,seo,1.9 s,1.1 s,0 ms,0,1.9 s,no
mobile,/arizona-mortgage-closing-costs/,https://azmortgage.vercel.app/arizona-mortgage-closing-costs/,Arizona Mortgage Closing Costs,99,96,100,69,seo,1.9 s,1.1 s,0 ms,0,1.1 s,no
mobile,/arizona-mortgage-closing-process/,https://azmortgage.vercel.app/arizona-mortgage-closing-process/,Arizona Mortgage Closing Process,99,96,100,69,seo,1.9 s,1.1 s,0 ms,0,1.1 s,no
mobile,/arizona-mortgage-insights/,https://azmortgage.vercel.app/arizona-mortgage-insights/,Arizona Mortgage Insights and Market Tips,99,100,100,69,seo,1.9 s,1.1 s,0 ms,0,1.1 s,no
mobile,/arizona-mortgage-payments/,https://azmortgage.vercel.app/arizona-mortgage-payments/,Arizona Mortgage Payments,99,96,100,69,seo,1.8 s,1.1 s,0 ms,0,1.1 s,no
mobile,/arizona-mortgage-rates-and-the-interest-deduction/,https://azmortgage.vercel.app/arizona-mortgage-rates-and-the-interest-deduction/,Arizona Mortgage Rates and the Interest Deduction,99,96,100,69,seo,1.9 s,1.1 s,0 ms,0,1.1 s,no
mobile,/arizona-real-estate-capital-gains-is-back/,https://azmortgage.vercel.app/arizona-real-estate-capital-gains-is-back/,Arizona Real Estate Capital Gains is back,100,96,100,69,seo,1.7 s,1.0 s,0 ms,0,1.0 s,no
mobile,/arizona-real-estate-trends-in-2026-predicting-mortgage-rates-for-the-coming-year/,https://azmortgage.vercel.app/arizona-real-estate-trends-in-2026-predicting-mortgage-rates-for-the-coming-year/,Arizona Real Estate Trends in 2026: Predicting Mortgage Rates for the Coming Year,99,96,100,69,seo,1.9 s,1.1 s,0 ms,0,1.1 s,no
mobile,/arizona-refinance-process/,https://azmortgage.vercel.app/arizona-refinance-process/,Arizona Refinance Process,99,96,100,69,seo,1.9 s,1.1 s,0 ms,0.001,1.1 s,no
mobile,/arizona-second-mortgages/,https://azmortgage.vercel.app/arizona-second-mortgages/,Arizona Second Mortgages,99,96,100,69,seo,1.9 s,1.1 s,0 ms,0,1.1 s,no
mobile,/arizona-understanding-your-credit/,https://azmortgage.vercel.app/arizona-understanding-your-credit/,Understanding Your Credit,100,96,100,69,seo,1.9 s,1.0 s,0 ms,0,1.0 s,no
mobile,/arizona-vacation-and-investment-home-mortgages/,https://azmortgage.vercel.app/arizona-vacation-and-investment-home-mortgages/,Arizona Vacation and Investment Home Mortgages,100,96,100,69,seo,1.0 s,1.0 s,0 ms,0,1.0 s,no
mobile,/assumable-mortgage/,https://azmortgage.vercel.app/assumable-mortgage/,What Is An Assumable Mortgage?,100,96,100,69,seo,1.8 s,0.9 s,0 ms,0,0.9 s,no
mobile,/better-getting-mortgage-couple-vs-single-applicant/,https://azmortgage.vercel.app/better-getting-mortgage-couple-vs-single-applicant/,Which Is Better: Getting a Mortgage As a Couple vs. As a Single Applicant?,99,96,100,69,seo,1.9 s,1.1 s,0 ms,0,1.1 s,no
mobile,/buying-a-house-with-a-cash-offer-and-simultaneously-getting-mortgage-financing/,https://azmortgage.vercel.app/buying-a-house-with-a-cash-offer-and-simultaneously-getting-mortgage-financing/,Buying a House with a Cash Offer and Simultaneously getting Mortgage Financing,100,96,100,69,seo,1.7 s,0.9 s,0 ms,0,0.9 s,no
mobile,/buying-down-your-arizona-interest-rate/,https://azmortgage.vercel.app/buying-down-your-arizona-interest-rate/,Buying Down Your Home Loan Interest Rate,99,96,100,69,seo,1.8 s,1.1 s,0 ms,0,1.1 s,no
mobile,/buying-or-selling-personal-property-with-your-home-sale-must-watch-this-first/,https://azmortgage.vercel.app/buying-or-selling-personal-property-with-your-home-sale-must-watch-this-first/,Buying or Selling personal property with your home sale? Must Watch this First!,99,96,100,69,seo,1.9 s,1.1 s,0 ms,0,1.1 s,no
mobile,/can-i-get-a-3rd-mortgage/,https://azmortgage.vercel.app/can-i-get-a-3rd-mortgage/,Can I Get a 3rd Mortgage?,99,96,100,69,seo,2.1 s,1.3 s,0 ms,0,1.3 s,no
mobile,/can-i-relocate-and-get-a-mortgage-while-working-remotely-out-of-state/,https://azmortgage.vercel.app/can-i-relocate-and-get-a-mortgage-while-working-remotely-out-of-state/,Can You Get a Mortgage While Working Remotely Out of State?,96,96,100,69,seo,1.9 s,1.1 s,190 ms,0,1.1 s,no
mobile,/can-i-simply-payoff-credit-cards-to-qualify-for-a-mortgage/,https://azmortgage.vercel.app/can-i-simply-payoff-credit-cards-to-qualify-for-a-mortgage/,Can I simply payoff credit cards to qualify for a mortgage?,99,96,100,69,seo,1.8 s,1.1 s,0 ms,0,1.1 s,no
mobile,/canceling-your-fha-mip-is-easier-than-you-think/,https://azmortgage.vercel.app/canceling-your-fha-mip-is-easier-than-you-think/,Canceling your FHA MIP is Easier than you think,99,96,100,69,seo,1.9 s,1.1 s,0 ms,0,1.1 s,no
mobile,/connecting-guest-house-main-house-add-value/,https://azmortgage.vercel.app/connecting-guest-house-main-house-add-value/,Does connecting a guest house to the main house add value?,99,96,100,69,seo,1.9 s,1.1 s,0 ms,0,1.1 s,no
mobile,/conventional-home-loans-vs-fha-loans-which-is-right-for-you/,https://azmortgage.vercel.app/conventional-home-loans-vs-fha-loans-which-is-right-for-you/,Conventional Loans vs. FHA Loans: Which Is Right for You?,99,96,100,69,seo,1.9 s,1.1 s,0 ms,0,1.1 s,no
mobile,/delayed-financing-how-to-get-cashout-without-waiting-6-months-seasoning/,https://azmortgage.vercel.app/delayed-financing-how-to-get-cashout-without-waiting-6-months-seasoning/,Delayed Financing – how to get cashout without waiting 6 months seasoning,99,96,100,69,seo,1.9 s,1.1 s,0 ms,0,1.1 s,no
mobile,/detached-guest-home-casita-appraisal-issues/,https://azmortgage.vercel.app/detached-guest-home-casita-appraisal-issues/,Detached Guest Home (Casita) Appraisal Issues,99,96,100,69,seo,2.0 s,1.3 s,0 ms,0,1.3 s,no
mobile,/difference-between-owner-occupied-second-home-and-investment-property/,https://azmortgage.vercel.app/difference-between-owner-occupied-second-home-and-investment-property/,"Difference Between Owner-Occupied, Second Home, and Investment Property?",100,96,100,69,seo,1.8 s,1.0 s,0 ms,0,1.0 s,no
mobile,/dscr-loan-the-best-alternative-to-hard-money/,https://azmortgage.vercel.app/dscr-loan-the-best-alternative-to-hard-money/,DSCR Loan: The Best Alternative to Hard Money Financing,99,96,100,69,seo,2.1 s,1.2 s,0 ms,0,1.2 s,no
mobile,/expect-youre-not-first-time-mortgage-shopper/,https://azmortgage.vercel.app/expect-youre-not-first-time-mortgage-shopper/,What to Expect When You’re Not a First Time Mortgage Shopper,99,96,100,69,seo,1.9 s,1.1 s,0 ms,0,1.1 s,no
mobile,/fha-flip-rule-waiver-expired-you-need-wait-90-days-to-write-a-contract/,https://azmortgage.vercel.app/fha-flip-rule-waiver-expired-you-need-wait-90-days-to-write-a-contract/,FHA Flip Rule Waiver Expired – You need to wait 90 days to write a contract,100,96,100,69,seo,1.7 s,0.9 s,0 ms,0,0.9 s,no
mobile,/fha-loans/,https://azmortgage.vercel.app/fha-loans/,FHA Loans: Discover Top Benefits and Insights,99,100,100,69,seo,1.9 s,1.1 s,0 ms,0.006,1.1 s,no
mobile,/get-part-income-commission-can-use-qualify-loan/,https://azmortgage.vercel.app/get-part-income-commission-can-use-qualify-loan/,Will Commissions Count Towards a Loan?,99,96,100,69,seo,1.9 s,1.1 s,0 ms,0,1.1 s,no
mobile,/getting-a-mortgage-with-employment-gaps/,https://azmortgage.vercel.app/getting-a-mortgage-with-employment-gaps/,Getting a Mortgage with Employment Gaps: Key Facts,99,96,100,69,seo,2.0 s,1.2 s,0 ms,0,1.2 s,no
mobile,/glossary/,https://azmortgage.vercel.app/glossary/,Master Mortgage Glossary: Understand Key Terms,99,96,100,69,seo,1.9 s,1.1 s,0 ms,0,1.1 s,no
mobile,/grossing-up-your-income-what-does-that-mean/,https://azmortgage.vercel.app/grossing-up-your-income-what-does-that-mean/,Grossing Up Your Income… what does that mean?,99,96,100,69,seo,1.9 s,1.1 s,0 ms,0,1.1 s,no
mobile,/homeownership-tips/,https://azmortgage.vercel.app/homeownership-tips/,Get Expert Homeownership Tips and Advice,100,100,100,69,seo,1.7 s,0.9 s,0 ms,0,0.9 s,no
mobile,/how-a-rapid-rescore-can-help-to-get-qualified-for-a-mortgage/,https://azmortgage.vercel.app/how-a-rapid-rescore-can-help-to-get-qualified-for-a-mortgage/,How a Rapid Rescore Can Help You Qualify for a Mortgage,100,96,100,69,seo,1.8 s,1.0 s,0 ms,0,1.0 s,no
mobile,/how-do-solar-panels-affect-the-mortgage-and-closing-process/,https://azmortgage.vercel.app/how-do-solar-panels-affect-the-mortgage-and-closing-process/,How do Solar Panels affect the mortgage and closing process?,99,96,100,69,seo,2.0 s,1.2 s,0 ms,0,1.2 s,no
mobile,/how-does-a-mortgage-apr-work-and-what-does-it-mean/,https://azmortgage.vercel.app/how-does-a-mortgage-apr-work-and-what-does-it-mean/,How Mortgage APR Works &amp; Why It Matters for Homebuyers,99,96,100,69,seo,1.9 s,1.1 s,0 ms,0,1.1 s,no
mobile,/how-does-my-car-loan-payment-affect-my-mortgage/,https://azmortgage.vercel.app/how-does-my-car-loan-payment-affect-my-mortgage/,How Does My Car Loan Payment Affect My Mortgage?,99,96,100,69,seo,1.9 s,1.1 s,0 ms,0,1.1 s,no
mobile,/how-fast-is-too-fast-to-close-a-mortgage-loan-to-purchase-a-house/,https://azmortgage.vercel.app/how-fast-is-too-fast-to-close-a-mortgage-loan-to-purchase-a-house/,How Fast is Too Fast to Close a Mortgage Loan to Purchase a House?,99,96,100,69,seo,2.1 s,1.2 s,0 ms,0,1.2 s,no
mobile,/how-high-will-a-lender-allow-your-deductible-to-be/,https://azmortgage.vercel.app/how-high-will-a-lender-allow-your-deductible-to-be/,How High Will A Lender Allow Your Deductible To Be?,100,96,100,69,seo,1.8 s,0.9 s,0 ms,0,0.9 s,no
mobile,/how-to-calculate-how-much-pmi-mortgage-insurance-will-be/,https://azmortgage.vercel.app/how-to-calculate-how-much-pmi-mortgage-insurance-will-be/,How to Accurately Calculate PMI Mortgage Insurance Costs,100,96,100,69,seo,1.7 s,1.0 s,0 ms,0,1.0 s,no
mobile,/how-to-count-commissions-and-bonuses-and-tips/,https://azmortgage.vercel.app/how-to-count-commissions-and-bonuses-and-tips/,How to Count Commissions and Bonuses and Tips,100,96,100,69,seo,1.9 s,1.0 s,0 ms,0,1.0 s,no
mobile,/how-to-get-a-mortgage-in-arizona-with-fair-or-improving-credit/,https://azmortgage.vercel.app/how-to-get-a-mortgage-in-arizona-with-fair-or-improving-credit/,How to Get a Mortgage in Arizona with Fair or Improving Credit,98,96,100,69,seo,1.8 s,1.8 s,0 ms,0,1.8 s,no
mobile,/how-to-sell-my-house-fast-in-arizona/,https://azmortgage.vercel.app/how-to-sell-my-house-fast-in-arizona/,The Complete Arizona Guide to Selling Your Home for Cash (2026) - Arizona Home Loans | The Mortgage Brothers,99,98,100,69,seo,2.0 s,1.1 s,0 ms,0.001,1.1 s,no
mobile,/how-to-skip-2-payments-on-your-mortgage/,https://azmortgage.vercel.app/how-to-skip-2-payments-on-your-mortgage/,How to Skip 2 Payments On Your Mortgage?,99,96,100,69,seo,2.0 s,1.1 s,0 ms,0,1.1 s,no
mobile,/if-i-have-1-mortgage-late-in-the-past-12-months-can-i-get-approved-for-a-mortgage/,https://azmortgage.vercel.app/if-i-have-1-mortgage-late-in-the-past-12-months-can-i-get-approved-for-a-mortgage/,"If I have 1 Mortgage Late in the Past 12 Months, Can I Get Approved for a Mortgage?",99,96,100,69,seo,1.9 s,1.1 s,0 ms,0,1.1 s,no
mobile,/is-homeownership-hereditary/,https://azmortgage.vercel.app/is-homeownership-hereditary/,Is Homeownership Hereditary?,99,96,100,69,seo,1.9 s,1.1 s,0 ms,0,1.1 s,no
mobile,/is-the-mortgage-interest-tax-deduction-really-a-big-deal/,https://azmortgage.vercel.app/is-the-mortgage-interest-tax-deduction-really-a-big-deal/,Is The Mortgage Interest Tax Deduction Really a Big Deal?,100,96,100,69,seo,1.7 s,1.0 s,0 ms,0,1.0 s,no
mobile,/lsu-forms-loan-status-updates-and-what-you-need-to-know/,https://azmortgage.vercel.app/lsu-forms-loan-status-updates-and-what-you-need-to-know/,LSU Forms – Loan Status Updates and what you need to know,100,96,100,69,seo,1.7 s,1.0 s,0 ms,0,1.0 s,no
mobile,/mortgage-basics/,https://azmortgage.vercel.app/mortgage-basics/,Learn Mortgage Basics for Home Financing,99,100,100,69,seo,1.9 s,1.1 s,0 ms,0,1.1 s,no
mobile,/mortgage-payments-strategies/,https://azmortgage.vercel.app/mortgage-payments-strategies/,Optimize Your Mortgage Payments Strategies,99,100,100,69,seo,1.9 s,1.1 s,0 ms,0,1.1 s,no
mobile,/mortgage-payoff-higher-than-mortgage-balance/,https://azmortgage.vercel.app/mortgage-payoff-higher-than-mortgage-balance/,Why Mortgage Payoff Is Higher Than Statement Balance,99,96,100,69,seo,1.9 s,1.1 s,0 ms,0,1.1 s,no
mobile,/mortgage-process-guidance/,https://azmortgage.vercel.app/mortgage-process-guidance/,Simplify and Master the Mortgage Process Today,99,100,100,69,seo,1.9 s,1.1 s,0 ms,0,1.1 s,no
mobile,/mortgage-qualifications/,https://azmortgage.vercel.app/mortgage-qualifications/,Understand Mortgage Qualifications Easily,100,100,100,69,seo,1.7 s,1.0 s,0 ms,0,1.0 s,no
mobile,/mortgage-rates-tool-arizona/,https://azmortgage.vercel.app/mortgage-rates-tool-arizona/,Find Your Best Rate with Mortgage Rates Tool Arizona,100,96,100,69,seo,1.9 s,1.0 s,0 ms,0,1.0 s,no
mobile,/navigating-mortgage-options-during-divorce-a-complete-guide/,https://azmortgage.vercel.app/navigating-mortgage-options-during-divorce-a-complete-guide/,Navigating Mortgage Options During Divorce: A Complete Guide,100,100,100,69,seo,1.8 s,1.0 s,0 ms,0.001,1.0 s,no
mobile,/pillar-post/,https://azmortgage.vercel.app/pillar-post/,Pillar Post - Arizona Home Loans | The Mortgage Brothers,99,100,100,69,seo,1.9 s,1.1 s,0 ms,0.004,1.1 s,no
mobile,/prepayment-penalties-on-your-arizona-mortgage/,https://azmortgage.vercel.app/prepayment-penalties-on-your-arizona-mortgage/,Prepayment Penalties on Your Arizona Mortgage,99,96,100,69,seo,1.9 s,1.1 s,0 ms,0,1.4 s,no
mobile,/put-bow-fha-loan-gift-guide/,https://azmortgage.vercel.app/put-bow-fha-loan-gift-guide/,Put A Bow On It: FHA Loan Gift Guide,100,96,100,69,seo,1.0 s,1.0 s,0 ms,0,1.0 s,no
mobile,/real-estate-mortgages/,https://azmortgage.vercel.app/real-estate-mortgages/,Explore Real Estate Mortgages and Insights,99,100,100,69,seo,1.9 s,1.1 s,0 ms,0,1.1 s,no
mobile,/seller-concessions-to-buyers-how-much/,https://azmortgage.vercel.app/seller-concessions-to-buyers-how-much/,Seller Concessions To Buyers - How Much?,99,100,100,69,seo,1.9 s,1.7 s,0 ms,0,1.7 s,no
mobile,/service-areas/apache-county-az/alpine/,https://azmortgage.vercel.app/service-areas/apache-county-az/alpine/,Alpine - Arizona Home Loans | The Mortgage Brothers,99,100,100,69,seo,2.0 s,1.2 s,0 ms,0,2.0 s,no
mobile,/service-areas/apache-county-az/chinle/,https://azmortgage.vercel.app/service-areas/apache-county-az/chinle/,Arizona Mortgage Broker Service Areas – Counties We Serve,99,100,100,69,seo,2.0 s,1.1 s,0 ms,0,1.6 s,no
mobile,/service-areas/apache-county-az/eagar/,https://azmortgage.vercel.app/service-areas/apache-county-az/eagar/,Eagar - Arizona Home Loans | The Mortgage Brothers,99,100,100,69,seo,1.9 s,1.1 s,0 ms,0,1.9 s,no
mobile,/service-areas/apache-county-az/greer/,https://azmortgage.vercel.app/service-areas/apache-county-az/greer/,Greer - Arizona Home Loans | The Mortgage Brothers,99,100,100,69,seo,1.9 s,1.1 s,0 ms,0,1.8 s,no
mobile,/service-areas/apache-county-az/snowflake/,https://azmortgage.vercel.app/service-areas/apache-county-az/snowflake/,Snowflake - Arizona Home Loans | The Mortgage Brothers,99,100,100,69,seo,1.9 s,1.1 s,0 ms,0,1.1 s,no
mobile,/service-areas/apache-county-az/springerville/,https://azmortgage.vercel.app/service-areas/apache-county-az/springerville/,Springerville Mortgage Experts – Your Local Home Loan Partners,99,100,100,69,seo,2.0 s,1.1 s,0 ms,0,1.1 s,no
mobile,/service-areas/apache-county-az/st-johns/,https://azmortgage.vercel.app/service-areas/apache-county-az/st-johns/,Arizona Mortgage Broker Service Areas – Counties We Serve,99,100,100,69,seo,2.0 s,1.1 s,0 ms,0,1.1 s,no
mobile,/service-areas/apache-county-az/window-rock/,https://azmortgage.vercel.app/service-areas/apache-county-az/window-rock/,Arizona Mortgage Broker Service Areas – Counties We Serve,99,100,100,69,seo,2.0 s,1.1 s,0 ms,0,1.1 s,no
mobile,/service-areas/cochise-county-az/benson/,https://azmortgage.vercel.app/service-areas/cochise-county-az/benson/,Arizona Mortgage Broker Service Areas – Counties We Serve,99,100,100,69,seo,2.0 s,1.1 s,0 ms,0,1.1 s,no
mobile,/service-areas/cochise-county-az/bisbee/,https://azmortgage.vercel.app/service-areas/cochise-county-az/bisbee/,Bisbee - Arizona Home Loans | The Mortgage Brothers,99,100,100,69,seo,2.0 s,1.1 s,0 ms,0,1.1 s,no
mobile,/service-areas/cochise-county-az/douglas/,https://azmortgage.vercel.app/service-areas/cochise-county-az/douglas/,Douglas - Arizona Home Loans | The Mortgage Brothers,99,100,100,69,seo,2.0 s,1.1 s,0 ms,0,1.1 s,no
mobile,/service-areas/cochise-county-az/huachuca-city/,https://azmortgage.vercel.app/service-areas/cochise-county-az/huachuca-city/,Arizona Mortgage Broker Service Areas – Counties We Serve,99,100,100,69,seo,1.9 s,1.1 s,0 ms,0,1.1 s,no
mobile,/service-areas/cochise-county-az/sierra-vista/,https://azmortgage.vercel.app/service-areas/cochise-county-az/sierra-vista/,Sierra Vista - Arizona Home Loans | The Mortgage Brothers,99,100,100,69,seo,1.9 s,1.1 s,0 ms,0,1.1 s,no
mobile,/service-areas/cochise-county-az/tombstone/,https://azmortgage.vercel.app/service-areas/cochise-county-az/tombstone/,Tombstone - Arizona Home Loans | The Mortgage Brothers,99,100,100,69,seo,2.0 s,1.1 s,0 ms,0,1.1 s,no
mobile,/service-areas/cochise-county-az/willcox/,https://azmortgage.vercel.app/service-areas/cochise-county-az/willcox/,Arizona Mortgage Broker Service Areas – Counties We Serve,99,100,100,69,seo,2.0 s,1.1 s,0 ms,0,1.1 s,no
mobile,/service-areas/coconino-county-az/doney-park/,https://azmortgage.vercel.app/service-areas/coconino-county-az/doney-park/,Doney Park Mortgages: Get Mortgage Broker in Doney Park Az,99,100,100,69,seo,2.0 s,1.1 s,0 ms,0,1.1 s,no
mobile,/service-areas/coconino-county-az/fredonia/,https://azmortgage.vercel.app/service-areas/coconino-county-az/fredonia/,Arizona Mortgage Broker Service Areas – Counties We Serve,99,100,100,69,seo,2.0 s,1.1 s,0 ms,0,1.1 s,no
mobile,/service-areas/coconino-county-az/happy-jack/,https://azmortgage.vercel.app/service-areas/coconino-county-az/happy-jack/,Happy Jack Mortgages: Get Mortgage Brokers in Happy Jack Az,99,100,100,69,seo,2.0 s,1.1 s,0 ms,0,1.1 s,no
mobile,/service-areas/coconino-county-az/mountainaire/,https://azmortgage.vercel.app/service-areas/coconino-county-az/mountainaire/,Mountainaire Mortgages: Get Mortgage Brokers in Mountainaire,99,100,100,69,seo,2.0 s,1.1 s,0 ms,0,1.1 s,no
mobile,/service-areas/coconino-county-az/munds-park/,https://azmortgage.vercel.app/service-areas/coconino-county-az/munds-park/,Munds Park Mortgages: Get Mortgage Broker in Munds Park Az,100,100,100,69,seo,1.9 s,1.0 s,0 ms,0,1.0 s,no
mobile,/service-areas/coconino-county-az/page/,https://azmortgage.vercel.app/service-areas/coconino-county-az/page/,Page Mortgages: Get Trusted Mortgage Broker in Page Az,99,100,100,69,seo,2.0 s,1.1 s,0 ms,0,1.1 s,no
mobile,/service-areas/coconino-county-az/parks/,https://azmortgage.vercel.app/service-areas/coconino-county-az/parks/,Parks Mortgages: Get Trusted Mortgage Broker in Parks Az,99,100,100,69,seo,2.0 s,1.1 s,0 ms,0,1.1 s,no
mobile,/service-areas/coconino-county-az/tusayan/,https://azmortgage.vercel.app/service-areas/coconino-county-az/tusayan/,Arizona Mortgage Broker Service Areas – Counties We Serve,100,100,100,69,seo,1.8 s,1.0 s,0 ms,0,1.0 s,no
mobile,/service-areas/gila-county-az/christopher-creek/,https://azmortgage.vercel.app/service-areas/gila-county-az/christopher-creek/,Christopher Creek - Arizona Home Loans | The Mortgage Brothers,99,100,100,69,seo,1.9 s,1.1 s,0 ms,0,1.1 s,no
mobile,/service-areas/gila-county-az/globe/,https://azmortgage.vercel.app/service-areas/gila-county-az/globe/,Globe - Arizona Home Loans | The Mortgage Brothers,99,100,100,69,seo,1.9 s,1.1 s,0 ms,0,1.1 s,no
mobile,/service-areas/gila-county-az/hayden/,https://azmortgage.vercel.app/service-areas/gila-county-az/hayden/,Arizona Mortgage Broker Service Areas – Counties We Serve,100,100,100,69,seo,1.9 s,1.0 s,0 ms,0,1.0 s,no
mobile,/service-areas/gila-county-az/kohls-ranch/,https://azmortgage.vercel.app/service-areas/gila-county-az/kohls-ranch/,Kohls Ranch Mortgage Experts – Your Local Home Loan Partners,99,100,100,69,seo,2.0 s,1.1 s,0 ms,0,1.1 s,no
mobile,/service-areas/gila-county-az/miami/,https://azmortgage.vercel.app/service-areas/gila-county-az/miami/,Miami - Arizona Home Loans | The Mortgage Brothers,99,100,100,69,seo,1.9 s,1.1 s,0 ms,0,1.1 s,no
mobile,/service-areas/gila-county-az/payson/,https://azmortgage.vercel.app/service-areas/gila-county-az/payson/,Payson - Arizona Home Loans | The Mortgage Brothers,100,100,100,69,seo,1.5 s,1.0 s,0 ms,0,1.0 s,no
mobile,/service-areas/gila-county-az/star-valley/,https://azmortgage.vercel.app/service-areas/gila-county-az/star-valley/,Star Valley - Arizona Home Loans | The Mortgage Brothers,99,100,100,69,seo,2.0 s,1.1 s,0 ms,0,1.1 s,no
mobile,/service-areas/gila-county-az/strawberry/,https://azmortgage.vercel.app/service-areas/gila-county-az/strawberry/,Strawberry Mortgage Experts – Your Local Home Loan Partners,99,100,100,69,seo,2.0 s,1.1 s,0 ms,0,1.1 s,no
mobile,/service-areas/graham-county-az/pima/,https://azmortgage.vercel.app/service-areas/graham-county-az/pima/,Pima Mortgage Experts – Your Trusted Home Loan Partners,99,100,100,69,seo,2.0 s,1.1 s,0 ms,0,1.1 s,no
mobile,/service-areas/graham-county-az/safford/,https://azmortgage.vercel.app/service-areas/graham-county-az/safford/,Safford Mortgage Experts – Your Local Home Loan Partners,100,100,100,69,seo,1.8 s,1.0 s,0 ms,0,1.0 s,no
mobile,/service-areas/graham-county-az/thatcher/,https://azmortgage.vercel.app/service-areas/graham-county-az/thatcher/,Thatcher - Arizona Home Loans | The Mortgage Brothers,99,100,100,69,seo,2.0 s,1.1 s,0 ms,0,1.1 s,no
mobile,/service-areas/greenlee-county-az/clifton/,https://azmortgage.vercel.app/service-areas/greenlee-county-az/clifton/,Clifton - Arizona Home Loans | The Mortgage Brothers,100,100,100,69,seo,1.9 s,1.0 s,0 ms,0,1.0 s,no
mobile,/service-areas/greenlee-county-az/duncan/,https://azmortgage.vercel.app/service-areas/greenlee-county-az/duncan/,Duncan - Arizona Home Loans | The Mortgage Brothers,99,100,100,69,seo,2.0 s,1.1 s,0 ms,0,1.1 s,no
mobile,/service-areas/greenlee-county-az/morenci/,https://azmortgage.vercel.app/service-areas/greenlee-county-az/morenci/,Morenci - Arizona Home Loans | The Mortgage Brothers,99,100,100,69,seo,2.0 s,1.1 s,0 ms,0,1.1 s,no
mobile,/service-areas/la-paz-county-az/bouse/,https://azmortgage.vercel.app/service-areas/la-paz-county-az/bouse/,Arizona Mortgage Broker Service Areas – Counties We Serve,100,100,100,69,seo,1.9 s,1.0 s,0 ms,0,1.0 s,no
mobile,/service-areas/la-paz-county-az/parker/,https://azmortgage.vercel.app/service-areas/la-paz-county-az/parker/,Parker - Arizona Home Loans | The Mortgage Brothers,99,100,100,69,seo,2.0 s,1.1 s,0 ms,0,1.1 s,no
mobile,/service-areas/la-paz-county-az/quartzsite/,https://azmortgage.vercel.app/service-areas/la-paz-county-az/quartzsite/,Quartzsite - Arizona Home Loans | The Mortgage Brothers,99,100,100,69,seo,2.0 s,1.1 s,0 ms,0,1.1 s,no
mobile,/service-areas/la-paz-county-az/salome/,https://azmortgage.vercel.app/service-areas/la-paz-county-az/salome/,Arizona Mortgage Broker Service Areas – Counties We Serve,99,100,100,69,seo,1.9 s,1.1 s,0 ms,0,1.1 s,no
mobile,/service-areas/maricopa-county-az/carefree/,https://azmortgage.vercel.app/service-areas/maricopa-county-az/carefree/,#1 Carefree Mortgage Experts: Your Best Home Loan Partners,100,100,100,69,seo,1.8 s,1.0 s,0 ms,0.001,1.0 s,no
mobile,/service-areas/maricopa-county-az/gila-bend/,https://azmortgage.vercel.app/service-areas/maricopa-county-az/gila-bend/,Arizona Mortgage Broker Service Areas – Counties We Serve,99,100,100,69,seo,2.0 s,1.1 s,0 ms,0,1.1 s,no
mobile,/service-areas/maricopa-county-az/guadalupe/,https://azmortgage.vercel.app/service-areas/maricopa-county-az/guadalupe/,Guadalupe Mortgage Experts: Your Trusted Home Loan Partners,99,100,100,69,seo,2.0 s,1.1 s,0 ms,0.001,1.1 s,no
mobile,/service-areas/maricopa-county-az/peoria/,https://azmortgage.vercel.app/service-areas/maricopa-county-az/peoria/,#1 Peoria Mortgage Experts: Your Trusted Home Loan Partners,100,100,100,69,seo,1.9 s,1.0 s,0 ms,0.009,1.0 s,no
mobile,/service-areas/maricopa-county-az/phoenix/,https://azmortgage.vercel.app/service-areas/maricopa-county-az/phoenix/,"Phoenix Mortgage Brokers | Home Loans in Phoenix, AZ",99,100,100,69,seo,2.0 s,1.1 s,0 ms,0.001,1.1 s,no
mobile,/service-areas/maricopa-county-az/scottsdale/,https://azmortgage.vercel.app/service-areas/maricopa-county-az/scottsdale/,#1 Scottsdale Mortgage Experts: Get Best Home Loan Partners,99,100,100,69,seo,2.0 s,1.1 s,0 ms,0.001,1.1 s,no
mobile,/service-areas/maricopa-county-az/sun-city-west/,https://azmortgage.vercel.app/service-areas/maricopa-county-az/sun-city-west/,#1 Sun City West Mortgage Experts: Get Best Home Loan Partners,99,100,100,69,seo,1.9 s,1.1 s,0 ms,0,1.1 s,no
mobile,/service-areas/maricopa-county-az/tempe/,https://azmortgage.vercel.app/service-areas/maricopa-county-az/tempe/,#1 Tempe Mortgage Experts: Your trusted Home Loan Partners,100,100,100,69,seo,1.9 s,1.0 s,0 ms,0.009,1.0 s,no
mobile,/service-areas/mohave-county-az/bullhead-city/,https://azmortgage.vercel.app/service-areas/mohave-county-az/bullhead-city/,Bullhead City - Arizona Home Loans | The Mortgage Brothers,100,100,100,69,seo,1.9 s,1.0 s,0 ms,0,1.0 s,no
mobile,/service-areas/mohave-county-az/chloride/,https://azmortgage.vercel.app/service-areas/mohave-county-az/chloride/,Chloride - Arizona Home Loans | The Mortgage Brothers,99,100,100,69,seo,1.9 s,1.1 s,0 ms,0,1.1 s,no
mobile,/service-areas/mohave-county-az/colorado-city/,https://azmortgage.vercel.app/service-areas/mohave-county-az/colorado-city/,Colorado City - Arizona Home Loans | The Mortgage Brothers,99,100,100,69,seo,2.0 s,1.1 s,0 ms,0,1.1 s,no
mobile,/service-areas/mohave-county-az/fort-mohave/,https://azmortgage.vercel.app/service-areas/mohave-county-az/fort-mohave/,Fort Mohave - Arizona Home Loans | The Mortgage Brothers,99,100,100,69,seo,2.0 s,1.1 s,0 ms,0,1.1 s,no
mobile,/service-areas/mohave-county-az/golden-valley/,https://azmortgage.vercel.app/service-areas/mohave-county-az/golden-valley/,Arizona Mortgage Broker Service Areas – Counties We Serve,99,100,100,69,seo,2.0 s,1.1 s,0 ms,0,1.1 s,no
mobile,/service-areas/mohave-county-az/kingman/,https://azmortgage.vercel.app/service-areas/mohave-county-az/kingman/,Kingman - Arizona Home Loans | The Mortgage Brothers,99,100,100,69,seo,2.0 s,1.1 s,0 ms,0,1.1 s,no
mobile,/service-areas/mohave-county-az/lake-havasu-city/,https://azmortgage.vercel.app/service-areas/mohave-county-az/lake-havasu-city/,Lake Havasu City - Arizona Home Loans | The Mortgage Brothers,99,100,100,69,seo,2.0 s,1.1 s,0 ms,0,1.1 s,no
mobile,/service-areas/navajo-county-az/holbrook/,https://azmortgage.vercel.app/service-areas/navajo-county-az/holbrook/,Holbrook - Arizona Home Loans | The Mortgage Brothers,100,100,100,69,seo,1.9 s,1.0 s,0 ms,0,1.0 s,no
mobile,/service-areas/navajo-county-az/pinetop-lakeside/,https://azmortgage.vercel.app/service-areas/navajo-county-az/pinetop-lakeside/,Arizona Mortgage Broker Service Areas – Counties We Serve,99,100,100,69,seo,1.9 s,1.1 s,0 ms,0,1.1 s,no
mobile,/service-areas/navajo-county-az/pinetop/,https://azmortgage.vercel.app/service-areas/navajo-county-az/pinetop/,Pinetop - Arizona Home Loans | The Mortgage Brothers,99,100,100,69,seo,2.0 s,1.1 s,0 ms,0,1.1 s,no
mobile,/service-areas/navajo-county-az/show-low/,https://azmortgage.vercel.app/service-areas/navajo-county-az/show-low/,Show Low - Arizona Home Loans | The Mortgage Brothers,99,100,100,69,seo,2.0 s,1.1 s,0 ms,0,1.1 s,no
mobile,/service-areas/navajo-county-az/snowflake/,https://azmortgage.vercel.app/service-areas/navajo-county-az/snowflake/,Arizona Mortgage Broker Service Areas – Counties We Serve,99,100,100,69,seo,2.0 s,1.1 s,0 ms,0,1.1 s,no
mobile,/service-areas/navajo-county-az/taylor/,https://azmortgage.vercel.app/service-areas/navajo-county-az/taylor/,Taylor - Arizona Home Loans | The Mortgage Brothers,99,100,100,69,seo,1.9 s,1.1 s,0 ms,0,1.1 s,no
mobile,/service-areas/navajo-county-az/winslow/,https://azmortgage.vercel.app/service-areas/navajo-county-az/winslow/,Winslow - Arizona Home Loans | The Mortgage Brothers,100,100,100,69,seo,1.9 s,1.0 s,0 ms,0,1.0 s,no
mobile,/service-areas/pima-county-az/catalina-foothills/,https://azmortgage.vercel.app/service-areas/pima-county-az/catalina-foothills/,Arizona Mortgage Broker Service Areas – Counties We Serve,100,100,100,69,seo,1.9 s,1.0 s,0 ms,0,1.0 s,no
mobile,/service-areas/pima-county-az/green-valley/,https://azmortgage.vercel.app/service-areas/pima-county-az/green-valley/,Arizona Mortgage Broker Service Areas – Counties We Serve,100,100,100,69,seo,1.9 s,1.0 s,0 ms,0,1.0 s,no
mobile,/service-areas/pima-county-az/marana/,https://azmortgage.vercel.app/service-areas/pima-county-az/marana/,Arizona Mortgage Broker Service Areas – Counties We Serve,99,100,100,69,seo,2.0 s,1.1 s,0 ms,0,1.1 s,no
mobile,/service-areas/pima-county-az/oro-valley/,https://azmortgage.vercel.app/service-areas/pima-county-az/oro-valley/,Oro Valley - Arizona Home Loans | The Mortgage Brothers,99,100,100,69,seo,2.0 s,1.1 s,0 ms,0,1.1 s,no
mobile,/service-areas/pima-county-az/sahuarita/,https://azmortgage.vercel.app/service-areas/pima-county-az/sahuarita/,Sahuarita - Arizona Home Loans | The Mortgage Brothers,99,100,100,69,seo,2.0 s,1.1 s,0 ms,0,1.1 s,no
mobile,/service-areas/pima-county-az/south-tucson/,https://azmortgage.vercel.app/service-areas/pima-county-az/south-tucson/,Arizona Mortgage Broker Service Areas – Counties We Serve,99,100,100,69,seo,2.0 s,1.1 s,0 ms,0,1.1 s,no
mobile,/service-areas/pima-county-az/tucson/,https://azmortgage.vercel.app/service-areas/pima-county-az/tucson/,Tucson - Arizona Home Loans | The Mortgage Brothers,100,100,100,69,seo,1.9 s,1.0 s,0 ms,0,1.0 s,no
mobile,/service-areas/pima-county-az/vail/,https://azmortgage.vercel.app/service-areas/pima-county-az/vail/,Vail - Arizona Home Loans | The Mortgage Brothers,99,100,100,69,seo,1.9 s,1.1 s,0 ms,0,1.1 s,no
mobile,/service-areas/pinal-county-az/casa-grande/,https://azmortgage.vercel.app/service-areas/pinal-county-az/casa-grande/,Casa Grande Mortgage Experts – Local Home Loan Partners,100,100,100,69,seo,1.8 s,1.0 s,0 ms,0,1.0 s,no
mobile,/service-areas/pinal-county-az/eloy/,https://azmortgage.vercel.app/service-areas/pinal-county-az/eloy/,Arizona Mortgage Broker Service Areas – Counties We Serve,99,100,100,69,seo,2.0 s,1.1 s,0 ms,0,1.1 s,no
mobile,/service-areas/pinal-county-az/florence/,https://azmortgage.vercel.app/service-areas/pinal-county-az/florence/,Florence Mortgage Experts – Local Home Loan Partners,99,100,100,69,seo,1.9 s,1.1 s,0 ms,0,1.1 s,no
mobile,/service-areas/pinal-county-az/mammoth/,https://azmortgage.vercel.app/service-areas/pinal-county-az/mammoth/,Arizona Mortgage Broker Service Areas – Counties We Serve,99,100,100,69,seo,1.9 s,1.1 s,0 ms,0,1.1 s,no
mobile,/service-areas/pinal-county-az/maricopa/,https://azmortgage.vercel.app/service-areas/pinal-county-az/maricopa/,Arizona Mortgage Broker Service Areas – Counties We Serve,99,100,100,69,seo,1.9 s,1.1 s,0 ms,0,1.1 s,no
mobile,/service-areas/pinal-county-az/queen-creek/,https://azmortgage.vercel.app/service-areas/pinal-county-az/queen-creek/,Queen Creek Mortgage Experts – Local Home Loan Partners,100,100,100,69,seo,1.8 s,1.0 s,0 ms,0,1.0 s,no
mobile,/service-areas/pinal-county-az/san-tan-valley/,https://azmortgage.vercel.app/service-areas/pinal-county-az/san-tan-valley/,San Tan Valley Mortgage Experts - Local Home Loan Partners,99,100,100,69,seo,2.0 s,1.1 s,0 ms,0,1.1 s,no
mobile,/service-areas/pinal-county-az/superior/,https://azmortgage.vercel.app/service-areas/pinal-county-az/superior/,Arizona Mortgage Broker Service Areas – Counties We Serve,99,100,100,69,seo,2.0 s,1.1 s,0 ms,0,1.1 s,no
mobile,/service-areas/santa-cruz-county-az/nogales/,https://azmortgage.vercel.app/service-areas/santa-cruz-county-az/nogales/,Arizona Mortgage Broker Service Areas – Counties We Serve,100,100,100,69,seo,1.9 s,1.0 s,0 ms,0,1.0 s,no
mobile,/service-areas/santa-cruz-county-az/patagonia/,https://azmortgage.vercel.app/service-areas/santa-cruz-county-az/patagonia/,Arizona Mortgage Broker Service Areas – Counties We Serve,99,100,100,69,seo,2.0 s,1.1 s,0 ms,0,1.1 s,no
mobile,/service-areas/santa-cruz-county-az/rio-rico/,https://azmortgage.vercel.app/service-areas/santa-cruz-county-az/rio-rico/,Arizona Mortgage Broker Service Areas – Counties We Serve,99,100,100,69,seo,1.9 s,1.1 s,0 ms,0,1.1 s,no
mobile,/service-areas/santa-cruz-county-az/santa-cruz/,https://azmortgage.vercel.app/service-areas/santa-cruz-county-az/santa-cruz/,Santa Cruz AZ Mortgage Experts – Your Home Loan Partners,99,100,100,69,seo,2.0 s,1.1 s,0 ms,0,1.1 s,no
mobile,/service-areas/santa-cruz-county-az/tubac/,https://azmortgage.vercel.app/service-areas/santa-cruz-county-az/tubac/,Arizona Mortgage Broker Service Areas – Counties We Serve,99,100,100,69,seo,2.0 s,1.1 s,0 ms,0,1.1 s,no
mobile,/service-areas/yavapai-county-az/camp-verde/,https://azmortgage.vercel.app/service-areas/yavapai-county-az/camp-verde/,Arizona Mortgage Broker Service Areas – Counties We Serve,100,100,100,69,seo,1.9 s,1.0 s,0 ms,0,1.0 s,no
mobile,/service-areas/yavapai-county-az/chino-valley/,https://azmortgage.vercel.app/service-areas/yavapai-county-az/chino-valley/,Chino Valley Mortgages: Get Trusted Mortgage Broker in Chino Valley,99,100,100,69,seo,2.0 s,1.1 s,0 ms,0,1.1 s,no
mobile,/service-areas/yavapai-county-az/cottonwood/,https://azmortgage.vercel.app/service-areas/yavapai-county-az/cottonwood/,Cottonwood Mortgages: Your Trusted Mortgage Broker in Cottonwood,99,100,100,69,seo,1.9 s,1.1 s,0 ms,0,1.1 s,no
mobile,/service-areas/yavapai-county-az/dewey-humboldt/,https://azmortgage.vercel.app/service-areas/yavapai-county-az/dewey-humboldt/,Arizona Mortgage Broker Service Areas – Counties We Serve,99,100,100,69,seo,2.0 s,1.1 s,0 ms,0,1.1 s,no
mobile,/service-areas/yavapai-county-az/jerome/,https://azmortgage.vercel.app/service-areas/yavapai-county-az/jerome/,Jerome Mortgages – Get Your Local Mortgage Broker in Jerome,99,100,100,69,seo,2.0 s,1.1 s,0 ms,0,1.1 s,no
mobile,/service-areas/yavapai-county-az/prescott/,https://azmortgage.vercel.app/service-areas/yavapai-county-az/prescott/,Prescott Mortgages: Your Local Mortgage Broker in Prescott,99,100,100,69,seo,1.9 s,1.1 s,0 ms,0,1.1 s,no
mobile,/service-areas/yavapai-county-az/sedona/,https://azmortgage.vercel.app/service-areas/yavapai-county-az/sedona/,Arizona Mortgage Broker Service Areas – Counties We Serve,99,100,100,69,seo,2.0 s,1.1 s,0 ms,0,1.1 s,no
mobile,/service-areas/yavapai-county-az/yavapai-hills/,https://azmortgage.vercel.app/service-areas/yavapai-county-az/yavapai-hills/,Yavapai Hills Mortgages – Get Trusted Mortgage Broker in Yavapai Hills,99,100,100,69,seo,2.0 s,1.1 s,0 ms,0,1.1 s,no
mobile,/service-areas/yuma-county-az/san-luis/,https://azmortgage.vercel.app/service-areas/yuma-county-az/san-luis/,San Luis - Arizona Home Loans | The Mortgage Brothers,100,100,100,69,seo,1.9 s,0.9 s,0 ms,0,0.9 s,no
mobile,/service-areas/yuma-county-az/somerton/,https://azmortgage.vercel.app/service-areas/yuma-county-az/somerton/,Arizona Mortgage Broker Service Areas – Counties We Serve,99,100,100,69,seo,2.0 s,1.1 s,0 ms,0,1.1 s,no
mobile,/service-areas/yuma-county-az/wellton/,https://azmortgage.vercel.app/service-areas/yuma-county-az/wellton/,Arizona Mortgage Broker Service Areas – Counties We Serve,100,100,100,69,seo,1.6 s,1.1 s,0 ms,0,1.1 s,no
mobile,/service-areas/yuma-county-az/yuma/,https://azmortgage.vercel.app/service-areas/yuma-county-az/yuma/,Yuma Mortgage Experts: Your Local Home Loans Partners,99,100,100,69,seo,2.0 s,1.1 s,0 ms,0,1.1 s,no
mobile,/specialty-loans/,https://azmortgage.vercel.app/specialty-loans/,Specialty Loans for All Your Unique Needs,99,100,100,69,seo,2.0 s,1.1 s,0 ms,0,1.1 s,no
mobile,/spouse-estate-considerations/,https://azmortgage.vercel.app/spouse-estate-considerations/,Spouse Mortgage and Estate Planning Tips,100,100,100,69,seo,1.7 s,1.0 s,0 ms,0,1.0 s,no
mobile,/the-broker-advantage/,https://azmortgage.vercel.app/the-broker-advantage/,Maximize Success with The Broker Advantage,99,96,100,69,seo,1.9 s,1.1 s,0 ms,0,1.1 s,no
mobile,/top-7-reasons-arizona-investment-home-buyers-choose-private-money-lenders/,https://azmortgage.vercel.app/top-7-reasons-arizona-investment-home-buyers-choose-private-money-lenders/,Top 7 Reasons Arizona Home Buyers Choose Private Money Lenders,99,100,100,69,seo,2.0 s,1.1 s,0 ms,0.001,1.1 s,no
mobile,/ultimate-guide-first-mortgage/,https://azmortgage.vercel.app/ultimate-guide-first-mortgage/,The Ultimate Guide to Your First Mortgage,99,96,100,69,seo,2.1 s,1.2 s,0 ms,0,1.2 s,no
mobile,/understanding-amortization-chart/,https://azmortgage.vercel.app/understanding-amortization-chart/,Understanding an Amortization Schedule - Mortgage Brothers,99,96,100,69,seo,1.9 s,1.1 s,0 ms,0,1.1 s,no
mobile,/va-loans-for-first-time-homebuyers-in-arizona-your-path-to-affordable-homeownership/,https://azmortgage.vercel.app/va-loans-for-first-time-homebuyers-in-arizona-your-path-to-affordable-homeownership/,VA Loans for First-Time Homebuyers in Arizona,100,100,100,69,seo,1.7 s,0.9 s,0 ms,0.001,0.9 s,no
mobile,/what-are-closing-costs-on-a-home-purchase/,https://azmortgage.vercel.app/what-are-closing-costs-on-a-home-purchase/,What Are Closing Costs on a Home Purchase? A Clear Breakdown,99,96,100,69,seo,1.9 s,1.1 s,0 ms,0,1.1 s,no
mobile,/what-are-mortgage-trigger-leads/,https://azmortgage.vercel.app/what-are-mortgage-trigger-leads/,What Are Mortgage Trigger Leads &amp; How to Stop Unwanted Calls,99,96,100,69,seo,1.9 s,1.1 s,0 ms,0,1.1 s,no
mobile,/what-if-my-spouse-dies-and-im-not-on-the-mortgage/,https://azmortgage.vercel.app/what-if-my-spouse-dies-and-im-not-on-the-mortgage/,What If My Spouse Dies and I am Not On The Mortgage?,99,96,100,69,seo,1.9 s,1.1 s,0 ms,0,1.1 s,no
mobile,/what-is-a-conventional-home-loan-the-complete-first-time-buyer-mortgage-guide/,https://azmortgage.vercel.app/what-is-a-conventional-home-loan-the-complete-first-time-buyer-mortgage-guide/,What Is a Conventional Home Loan? The Complete First-Time Buyer Mortgage Guide,99,96,100,69,seo,1.8 s,1.1 s,0 ms,0,1.3 s,no
mobile,/what-is-a-jumbo-loan-everything-you-need-to-know-before-applying/,https://azmortgage.vercel.app/what-is-a-jumbo-loan-everything-you-need-to-know-before-applying/,What Is a Jumbo Loan? Everything You Need to Know Before Applying,99,96,100,69,seo,2.0 s,1.2 s,0 ms,0,1.2 s,no
mobile,/what-is-an-example-of-a-mortgage-recast/,https://azmortgage.vercel.app/what-is-an-example-of-a-mortgage-recast/,What is an Example of a Mortgage Recast?,99,96,100,69,seo,2.1 s,1.2 s,0 ms,0,1.2 s,no
mobile,/what-is-the-difference-between-aan-arizona-condo-and-arizona-townhome/,https://azmortgage.vercel.app/what-is-the-difference-between-aan-arizona-condo-and-arizona-townhome/,What Is The Difference Between A Condo And A Townhome?,99,96,100,69,seo,1.9 s,1.1 s,0 ms,0,1.1 s,no
mobile,/what-you-need-to-know-about-the-arizona-prequalification-form/,https://azmortgage.vercel.app/what-you-need-to-know-about-the-arizona-prequalification-form/,What You Need to Know About the Arizona Prequalification Form,99,96,100,69,seo,1.9 s,1.1 s,0 ms,0,1.3 s,no
mobile,/when-is-a-mortgage-payment-actually-considered-late/,https://azmortgage.vercel.app/when-is-a-mortgage-payment-actually-considered-late/,When is a mortgage payment actually considered late?,99,96,100,69,seo,1.9 s,1.1 s,0 ms,0,1.1 s,no
mobile,/who-can-and-cannot-be-on-title-when-you-get-a-mortgage/,https://azmortgage.vercel.app/who-can-and-cannot-be-on-title-when-you-get-a-mortgage/,Who CAN and CANNOT Be On Title When you Get A Mortgage?,99,96,100,69,seo,1.9 s,1.1 s,0 ms,0,1.1 s,no
mobile,/who-qualifies-for-a-reverse-mortgage-understanding-eligibility-requirements/,https://azmortgage.vercel.app/who-qualifies-for-a-reverse-mortgage-understanding-eligibility-requirements/,Who Qualifies for a Reverse Mortgage? Understanding Eligibility,98,100,100,69,seo,2.0 s,1.8 s,0 ms,0.001,1.8 s,no
mobile,/why-use-an-arizona-mortgage-broker/,https://azmortgage.vercel.app/why-use-an-arizona-mortgage-broker/,Why Use an Arizona Mortgage Broker,100,96,100,69,seo,1.8 s,1.0 s,0 ms,0,1.1 s,no